family,approach,support_ratio,seed,config_label,train_time_sec,val_inference_time_sec,test_inference_time_sec,val_accuracy,val_precision,val_recall,val_f1,val_auc,test_accuracy,test_precision,test_recall,test_f1,test_auc,preprocess_time_sec,total_pipeline_time_sec
Classic,RandomForest,0.1,0,RandomForest support=0.10,0.1188390254974365,0.0149898529052734,0.0144670009613037,0.9444444444444444,0.9642857142857144,0.9,0.9259259259259258,0.953846153846154,0.8,0.8095238095238095,0.7708333333333333,0.7802197802197802,0.9114583333333331,1461.326204776764,1461.4450438022614
Classic,RandomForest,0.1,0,RandomForest support=0.10,0.1790690422058105,0.0149359703063964,0.0146181583404541,0.9444444444444444,0.9642857142857144,0.9,0.9259259259259258,0.953846153846154,0.8,0.8095238095238095,0.7708333333333333,0.7802197802197802,0.921875,1461.326204776764,1461.5052738189697
Classic,RandomForest,0.1,0,RandomForest support=0.10,0.1087260246276855,0.0145938396453857,0.0140159130096435,0.9444444444444444,0.9642857142857144,0.9,0.9259259259259258,0.9384615384615383,0.8,0.8095238095238095,0.7708333333333333,0.7802197802197802,0.9114583333333331,1461.326204776764,1461.4349308013916
Classic,RandomForest,0.1,0,RandomForest support=0.10,0.1893219947814941,0.0262389183044433,0.0144441127777099,0.9444444444444444,0.9642857142857144,0.9,0.9259259259259258,0.953846153846154,0.8,0.8095238095238095,0.7708333333333333,0.7802197802197802,0.921875,1461.326204776764,1461.5155267715454
Classic,LinearSVM,0.1,0,LinearSVM support=0.10,0.1478660106658935,0.000248908996582,0.0001380443572998,0.8333333333333334,0.7916666666666666,0.823076923076923,0.8036363636363637,0.9230769230769232,0.9,0.8958333333333333,0.8958333333333333,0.8958333333333333,0.9375,1461.326204776764,1461.4740707874298
Classic,LinearSVM,0.1,0,LinearSVM support=0.10,0.1423242092132568,0.0002181529998779,0.0001008510589599,0.8333333333333334,0.8035714285714286,0.7615384615384615,0.7777777777777777,0.9692307692307692,0.9,0.9285714285714286,0.875,0.8901098901098901,0.96875,1461.326204776764,1461.4685289859772
Classic,RBFSVM,0.1,0,RBFSVM support=0.10,0.0249891281127929,0.0012869834899902,0.0010881423950195,0.7777777777777778,0.8823529411764706,0.6,0.6,1.0,0.9,0.8958333333333333,0.8958333333333333,0.8958333333333333,0.9270833333333331,1461.326204776764,1461.3511939048767
Classic,RBFSVM,0.1,0,RBFSVM support=0.10,0.0208010673522949,0.0008819103240966,0.0008399486541748,1.0,1.0,1.0,1.0,1.0,0.8,0.8,0.8125,0.797979797979798,0.9375,1461.326204776764,1461.3470058441162
Classic,RandomForest,0.2,0,RandomForest support=0.20,0.1033892631530761,0.0140161514282226,0.013826847076416,0.9444444444444444,0.9642857142857144,0.9,0.9259259259259258,0.9846153846153848,0.8,0.8095238095238095,0.7708333333333333,0.7802197802197802,0.9114583333333334,876.8557631969452,876.9591524600983
Classic,RandomForest,0.2,0,RandomForest support=0.20,0.1894652843475341,0.0146729946136474,0.013848066329956,0.9444444444444444,0.9642857142857144,0.9,0.9259259259259258,0.9846153846153848,0.8,0.8095238095238095,0.7708333333333333,0.7802197802197802,0.921875,876.8557631969452,877.0452284812927
Classic,RandomForest,0.2,0,RandomForest support=0.20,0.0922548770904541,0.0144422054290771,0.0143988132476806,0.9444444444444444,0.9642857142857144,0.9,0.9259259259259258,0.9846153846153848,0.8,0.8095238095238095,0.7708333333333333,0.7802197802197802,0.90625,876.8557631969452,876.9480180740356
Classic,RandomForest,0.2,0,RandomForest support=0.20,0.2047739028930664,0.0256779193878173,0.0152630805969238,0.9444444444444444,0.9642857142857144,0.9,0.9259259259259258,0.9846153846153848,0.8,0.8095238095238095,0.7708333333333333,0.7802197802197802,0.921875,876.8557631969452,877.0605370998383
Classic,LinearSVM,0.2,0,LinearSVM support=0.20,0.1458311080932617,0.0004987716674804,0.0001778602600097,1.0,1.0,1.0,1.0,1.0,0.85,0.8516483516483516,0.8333333333333333,0.8400000000000001,0.921875,876.8557631969452,877.0015943050385
Classic,LinearSVM,0.2,0,LinearSVM support=0.20,0.1369771957397461,0.0004899501800537,0.0001070499420166,0.8333333333333334,0.8035714285714286,0.7615384615384615,0.7777777777777777,0.9230769230769232,0.75,0.7666666666666666,0.7083333333333333,0.7150997150997151,0.9322916666666666,876.8557631969452,876.9927403926849
Classic,RBFSVM,0.2,0,RBFSVM support=0.20,0.0287389755249023,0.0044147968292236,0.0016608238220214,0.8888888888888888,0.9333333333333332,0.8,0.8392857142857143,1.0,0.9,0.8958333333333333,0.8958333333333333,0.8958333333333333,0.9322916666666666,876.8557631969452,876.8845021724701
Classic,RBFSVM,0.2,0,RBFSVM support=0.20,0.0115740299224853,0.0005629062652587,0.0005030632019042,1.0,1.0,1.0,1.0,1.0,0.8,0.8,0.8125,0.797979797979798,0.9427083333333331,876.8557631969452,876.8673372268677
Classic,RandomForest,0.3,0,RandomForest support=0.30,0.2108359336853027,0.0130341053009033,0.0147368907928466,0.9444444444444444,0.9642857142857144,0.9,0.9259259259259258,1.0,0.8,0.8095238095238095,0.7708333333333333,0.7802197802197802,0.8802083333333334,280.7718744277954,280.9827103614807
Classic,RandomForest,0.3,0,RandomForest support=0.30,0.2052922248840332,0.0251789093017578,0.0258922576904296,0.9444444444444444,0.9642857142857144,0.9,0.9259259259259258,1.0,0.8,0.8095238095238095,0.7708333333333333,0.7802197802197802,0.875,280.7718744277954,280.97716665267944
Classic,RandomForest,0.3,0,RandomForest support=0.30,0.099942922592163,0.0136909484863281,0.0147042274475097,0.9444444444444444,0.9642857142857144,0.9,0.9259259259259258,1.0,0.8,0.8095238095238095,0.7708333333333333,0.7802197802197802,0.8697916666666667,280.7718744277954,280.8718173503876
Classic,RandomForest,0.3,0,RandomForest support=0.30,0.1897337436676025,0.0267620086669921,0.0269460678100585,0.9444444444444444,0.9642857142857144,0.9,0.9259259259259258,1.0,0.8,0.8095238095238095,0.7708333333333333,0.7802197802197802,0.875,280.7718744277954,280.961608171463
Classic,LinearSVM,0.3,0,LinearSVM support=0.30,0.1332800388336181,0.0001869201660156,8.392333984375e-05,1.0,1.0,1.0,1.0,1.0,0.85,0.8434343434343434,0.8541666666666667,0.8465473145780051,0.8958333333333334,280.7718744277954,280.905154466629
Classic,LinearSVM,0.3,0,LinearSVM support=0.30,0.1128289699554443,0.0001766681671142,8.296966552734375e-05,1.0,1.0,1.0,1.0,1.0,0.85,0.8434343434343434,0.8541666666666667,0.8465473145780051,0.9270833333333331,280.7718744277954,280.88470339775085
Classic,RBFSVM,0.3,0,RBFSVM support=0.30,0.0075199604034423,0.0004417896270751,0.0003819465637207,0.7777777777777778,0.8823529411764706,0.6,0.6,1.0,0.9,0.8958333333333333,0.8958333333333333,0.8958333333333333,0.9375,280.7718744277954,280.77939438819885
Classic,RBFSVM,0.3,0,RBFSVM support=0.30,0.0063621997833251,0.0003612041473388,0.0003268718719482,0.9444444444444444,0.9642857142857144,0.9,0.9259259259259258,1.0,0.8,0.8,0.8125,0.797979797979798,0.9375,280.7718744277954,280.77823662757874
Classic,RandomForest,0.4,0,RandomForest support=0.40,0.0978779792785644,0.0139570236206054,0.013495922088623,0.9444444444444444,0.9642857142857144,0.9,0.9259259259259258,0.953846153846154,0.8,0.8095238095238095,0.7708333333333333,0.7802197802197802,0.8489583333333333,77.13935685157776,77.23723483085632
Classic,RandomForest,0.4,0,RandomForest support=0.40,0.184316873550415,0.0144188404083251,0.0255119800567626,0.9444444444444444,0.9642857142857144,0.9,0.9259259259259258,0.9384615384615383,0.8,0.8095238095238095,0.7708333333333333,0.7802197802197802,0.8541666666666666,77.13935685157776,77.32367372512817
Classic,RandomForest,0.4,0,RandomForest support=0.40,0.1011719703674316,0.0153629779815673,0.0147070884704589,0.9444444444444444,0.9642857142857144,0.9,0.9259259259259258,0.953846153846154,0.8,0.8095238095238095,0.7708333333333333,0.7802197802197802,0.8541666666666666,77.13935685157776,77.24052882194519
Classic,RandomForest,0.4,0,RandomForest support=0.40,0.1847071647644043,0.027606725692749,0.0270981788635253,0.9444444444444444,0.9642857142857144,0.9,0.9259259259259258,0.9384615384615383,0.8,0.8095238095238095,0.7708333333333333,0.7802197802197802,0.8541666666666666,77.13935685157776,77.32406401634216
Classic,LinearSVM,0.4,0,LinearSVM support=0.40,0.1224360466003418,0.0002439022064208,8.893013000488281e-05,0.9444444444444444,0.9642857142857144,0.9,0.9259259259259258,0.9692307692307692,0.85,0.8434343434343434,0.8541666666666667,0.8465473145780051,0.9479166666666666,77.13935685157776,77.2617928981781
Classic,LinearSVM,0.4,0,LinearSVM support=0.40,0.1167848110198974,0.0002140998840332,8.392333984375e-05,0.9444444444444444,0.9642857142857144,0.9,0.9259259259259258,0.9692307692307692,0.85,0.8434343434343434,0.8541666666666667,0.8465473145780051,0.9375,77.13935685157776,77.25614166259766
Classic,RBFSVM,0.4,0,RBFSVM support=0.40,0.005732774734497,0.0003938674926757,0.000349998474121,0.7777777777777778,0.8823529411764706,0.6,0.6,0.9692307692307692,0.9,0.8958333333333333,0.8958333333333333,0.8958333333333333,0.9270833333333334,77.13935685157776,77.14508962631226
Classic,RBFSVM,0.4,0,RBFSVM support=0.40,0.0047059059143066,0.0003378391265869,0.0003073215484619,0.8888888888888888,0.9333333333333332,0.8,0.8392857142857143,0.9230769230769232,0.9,0.8958333333333333,0.8958333333333333,0.8958333333333333,0.9270833333333331,77.13935685157776,77.14406275749207
Classic,RandomForest,0.1,1,RandomForest support=0.10,0.0931079387664794,0.0142138004302978,0.0133280754089355,0.8333333333333334,0.8846153846153846,0.8125,0.8193979933110368,0.9375,0.85,0.8928571428571428,0.8333333333333333,0.8400000000000001,1.0,1387.1994361877441,1387.2925441265106
Classic,RandomForest,0.1,1,RandomForest support=0.10,0.1994409561157226,0.0284020900726318,0.0259437561035156,0.8333333333333334,0.8846153846153846,0.8125,0.8193979933110368,0.925,0.85,0.8928571428571428,0.8333333333333333,0.8400000000000001,1.0,1387.1994361877441,1387.3988771438599
Classic,RandomForest,0.1,1,RandomForest support=0.10,0.1041591167449951,0.0146481990814208,0.0126528739929199,0.8333333333333334,0.8846153846153846,0.8125,0.8193979933110368,0.9375,0.85,0.8928571428571428,0.8333333333333333,0.8400000000000001,1.0,1387.1994361877441,1387.3035953044891
Classic,RandomForest,0.1,1,RandomForest support=0.10,0.1958289146423339,0.0277938842773437,0.0268290042877197,0.8333333333333334,0.8846153846153846,0.8125,0.8193979933110368,0.925,0.85,0.8928571428571428,0.8333333333333333,0.8400000000000001,1.0,1387.1994361877441,1387.3952651023865
Classic,LinearSVM,0.1,1,LinearSVM support=0.10,0.1474530696868896,0.0002119541168212,0.0001041889190673,0.9444444444444444,0.9545454545454546,0.9375,0.9428571428571428,0.975,1.0,1.0,1.0,1.0,1.0,1387.1994361877441,1387.346889257431
Classic,LinearSVM,0.1,1,LinearSVM support=0.10,0.1267437934875488,0.0002839565277099,0.0001001358032226,0.8333333333333334,0.8333333333333333,0.8375,0.8328173374613003,0.975,0.9,0.898989898989899,0.898989898989899,0.898989898989899,0.9494949494949496,1387.1994361877441,1387.3261799812317
Classic,RBFSVM,0.1,1,RBFSVM support=0.10,0.0236930847167968,0.0010139942169189,0.0010187625885009,0.5555555555555556,0.2777777777777778,0.5,0.3571428571428571,0.8875,0.7,0.8235294117647058,0.6666666666666666,0.6428571428571428,1.0,1387.1994361877441,1387.223129272461
Classic,RBFSVM,0.1,1,RBFSVM support=0.10,0.0203337669372558,0.0008330345153808,0.0008840560913085,0.7777777777777778,0.8571428571428572,0.75,0.75,0.925,0.95,0.9583333333333331,0.9444444444444444,0.948849104859335,1.0,1387.1994361877441,1387.2197699546814
Classic,RandomForest,0.2,1,RandomForest support=0.20,0.1069667339324951,0.014474868774414,0.0140852928161621,0.8333333333333334,0.8846153846153846,0.8125,0.8193979933110368,0.925,0.95,0.9583333333333331,0.9444444444444444,0.948849104859335,1.0,765.7772920131683,765.8842587471008
Classic,RandomForest,0.2,1,RandomForest support=0.20,0.1929149627685547,0.0285940170288085,0.0252993106842041,0.8333333333333334,0.8846153846153846,0.8125,0.8193979933110368,0.90625,0.9,0.9230769230769232,0.8888888888888888,0.8958333333333333,1.0,765.7772920131683,765.9702069759369
Classic,RandomForest,0.2,1,RandomForest support=0.20,0.1002988815307617,0.0129120349884033,0.0143828392028808,0.8333333333333334,0.8846153846153846,0.8125,0.8193979933110368,0.925,0.95,0.9583333333333331,0.9444444444444444,0.948849104859335,1.0,765.7772920131683,765.8775908946991
Classic,RandomForest,0.2,1,RandomForest support=0.20,0.1858830451965332,0.0254750251770019,0.0248310565948486,0.8333333333333334,0.8846153846153846,0.8125,0.8193979933110368,0.90625,0.9,0.9230769230769232,0.8888888888888888,0.8958333333333333,1.0,765.7772920131683,765.9631750583649
Classic,LinearSVM,0.2,1,LinearSVM support=0.20,0.1451508998870849,0.000201940536499,8.893013000488281e-05,0.8333333333333334,0.8846153846153846,0.8125,0.8193979933110368,0.98125,1.0,1.0,1.0,1.0,1.0,765.7772920131683,765.9224429130554
Classic,LinearSVM,0.2,1,LinearSVM support=0.20,0.1203241348266601,0.0001919269561767,8.893013000488281e-05,0.8888888888888888,0.9166666666666669,0.875,0.8831168831168831,0.96875,0.95,0.9583333333333331,0.9444444444444444,0.948849104859335,1.0,765.7772920131683,765.897616147995
Classic,RBFSVM,0.2,1,RBFSVM support=0.20,0.0111370086669921,0.0006258487701416,0.0005340576171875,0.5555555555555556,0.2777777777777778,0.5,0.3571428571428571,0.86875,0.7,0.8235294117647058,0.6666666666666666,0.6428571428571428,1.0,765.7772920131683,765.7884290218353
Classic,RBFSVM,0.2,1,RBFSVM support=0.20,0.0095980167388916,0.0005090236663818,0.0004279613494873,0.7777777777777778,0.8571428571428572,0.75,0.75,0.89375,0.9,0.9230769230769232,0.8888888888888888,0.8958333333333333,1.0,765.7772920131683,765.7868900299072
Classic,RandomForest,0.3,1,RandomForest support=0.30,0.1035127639770507,0.0145068168640136,0.01200532913208,0.7777777777777778,0.7916666666666667,0.7625,0.7662337662337663,0.8375,0.95,0.9583333333333331,0.9444444444444444,0.948849104859335,1.0,231.30838799476624,231.4119007587433
Classic,RandomForest,0.3,1,RandomForest support=0.30,0.1858608722686767,0.0146770477294921,0.0257089138031005,0.7777777777777778,0.7916666666666667,0.7625,0.7662337662337663,0.83125,0.9,0.9230769230769232,0.8888888888888888,0.8958333333333333,1.0,231.30838799476624,231.4942488670349
Classic,RandomForest,0.3,1,RandomForest support=0.30,0.1034059524536132,0.0144381523132324,0.0145967006683349,0.7777777777777778,0.7916666666666667,0.7625,0.7662337662337663,0.83125,0.95,0.9583333333333331,0.9444444444444444,0.948849104859335,1.0,231.30838799476624,231.41179394721985
Classic,RandomForest,0.3,1,RandomForest support=0.30,0.2091379165649414,0.0572819709777832,0.0259840488433837,0.7777777777777778,0.7916666666666667,0.7625,0.7662337662337663,0.83125,0.9,0.9230769230769232,0.8888888888888888,0.8958333333333333,1.0,231.30838799476624,231.51752591133118
Classic,LinearSVM,0.3,1,LinearSVM support=0.30,0.1297531127929687,0.0001857280731201,8.296966552734375e-05,0.7222222222222222,0.7461538461538462,0.7,0.6989966555183946,0.91875,1.0,1.0,1.0,1.0,1.0,231.30838799476624,231.4381411075592
Classic,LinearSVM,0.3,1,LinearSVM support=0.30,0.1194798946380615,0.0001869201660156,8.511543273925781e-05,0.8888888888888888,0.9,0.9,0.8888888888888888,0.91875,0.9,0.9090909090909092,0.9090909090909092,0.9,0.9595959595959596,231.30838799476624,231.4278678894043
Classic,RBFSVM,0.3,1,RBFSVM support=0.30,0.0069861412048339,0.0003712177276611,0.0003678798675537,0.6666666666666666,0.8125,0.625,0.5846153846153846,0.86875,0.8,0.8666666666666667,0.7777777777777778,0.7802197802197802,1.0,231.30838799476624,231.31537413597107
Classic,RBFSVM,0.3,1,RBFSVM support=0.30,0.006354808807373,0.0003619194030761,0.0003111362457275,0.7777777777777778,0.8571428571428572,0.75,0.75,0.89375,0.9,0.9230769230769232,0.8888888888888888,0.8958333333333333,1.0,231.30838799476624,231.3147428035736
Classic,RandomForest,0.4,1,RandomForest support=0.40,0.0913889408111572,0.0145258903503417,0.0140039920806884,0.7777777777777778,0.7916666666666667,0.7625,0.7662337662337663,0.85625,0.9,0.898989898989899,0.898989898989899,0.898989898989899,0.9696969696969696,74.95296025276184,75.044349193573
Classic,RandomForest,0.4,1,RandomForest support=0.40,0.1832740306854248,0.0148298740386962,0.0249230861663818,0.7777777777777778,0.7916666666666667,0.7625,0.7662337662337663,0.84375,0.85,0.8541666666666667,0.8434343434343434,0.8465473145780051,0.9696969696969696,74.95296025276184,75.13623428344727
Classic,RandomForest,0.4,1,RandomForest support=0.40,0.1122958660125732,0.0129897594451904,0.012930154800415,0.7777777777777778,0.7916666666666667,0.7625,0.7662337662337663,0.8687499999999999,0.9,0.898989898989899,0.898989898989899,0.898989898989899,0.9696969696969696,74.95296025276184,75.06525611877441
Classic,RandomForest,0.4,1,RandomForest support=0.40,0.1825728416442871,0.0267500877380371,0.0146710872650146,0.7777777777777778,0.7916666666666667,0.7625,0.7662337662337663,0.84375,0.85,0.8541666666666667,0.8434343434343434,0.8465473145780051,0.9696969696969696,74.95296025276184,75.13553309440613
Classic,LinearSVM,0.4,1,LinearSVM support=0.40,0.1160609722137451,0.0001900196075439,8.392333984375e-05,0.7222222222222222,0.7461538461538462,0.7,0.6989966555183946,0.8562500000000001,0.85,0.8541666666666667,0.8434343434343434,0.8465473145780051,0.9292929292929294,74.95296025276184,75.06902122497559
Classic,LinearSVM,0.4,1,LinearSVM support=0.40,0.1065547466278076,0.0001900196075439,8.702278137207031e-05,0.7222222222222222,0.7461538461538462,0.7,0.6989966555183946,0.88125,0.9,0.898989898989899,0.898989898989899,0.898989898989899,0.9494949494949496,74.95296025276184,75.05951499938965
Classic,RBFSVM,0.4,1,RBFSVM support=0.40,0.0050680637359619,0.0003530979156494,0.000349998474121,0.7777777777777778,0.8571428571428572,0.75,0.75,0.89375,0.9,0.9230769230769232,0.8888888888888888,0.8958333333333333,0.9696969696969696,74.95296025276184,74.9580283164978
Classic,RBFSVM,0.4,1,RBFSVM support=0.40,0.0046319961547851,0.0003259181976318,0.0003108978271484,0.7777777777777778,0.8571428571428572,0.75,0.75,0.89375,0.9,0.9230769230769232,0.8888888888888888,0.8958333333333333,0.9797979797979798,74.95296025276184,74.95759224891663
Classic,RandomForest,0.1,2,RandomForest support=0.10,0.0920422077178955,0.0146329402923583,0.014451265335083,0.7222222222222222,0.7461538461538462,0.7,0.6989966555183946,0.9125,0.8,0.7450980392156863,0.6666666666666667,0.6875,0.88,1423.3634152412415,1423.4554574489594
Classic,RandomForest,0.1,2,RandomForest support=0.10,0.2000210285186767,0.0143139362335205,0.0144011974334716,0.7222222222222222,0.7461538461538462,0.7,0.6989966555183946,0.91875,0.8,0.7450980392156863,0.6666666666666667,0.6875,0.88,1423.3634152412415,1423.5634362697601
Classic,RandomForest,0.1,2,RandomForest support=0.10,0.0995500087738037,0.0143349170684814,0.0123469829559326,0.7222222222222222,0.7461538461538462,0.7,0.6989966555183946,0.9125,0.8,0.7450980392156863,0.6666666666666667,0.6875,0.8933333333333333,1423.3634152412415,1423.4629652500153
Classic,RandomForest,0.1,2,RandomForest support=0.10,0.2145509719848632,0.0274040699005126,0.0268607139587402,0.7222222222222222,0.7461538461538462,0.7,0.6989966555183946,0.91875,0.8,0.7450980392156863,0.6666666666666667,0.6875,0.88,1423.3634152412415,1423.5779662132263
Classic,LinearSVM,0.1,2,LinearSVM support=0.10,0.1438820362091064,0.0002028942108154,0.0001049041748046,0.8333333333333334,0.8376623376623377,0.825,0.8285714285714285,0.8625,0.8,0.7472527472527473,0.8,0.7619047619047619,0.8133333333333335,1423.3634152412415,1423.5072972774506
Classic,LinearSVM,0.1,2,LinearSVM support=0.10,0.1321520805358886,0.0001971721649169,0.0001001358032226,0.8333333333333334,0.8376623376623377,0.825,0.8285714285714285,0.8875,0.8,0.7333333333333334,0.7333333333333334,0.7333333333333334,0.8133333333333334,1423.3634152412415,1423.4955673217773
Classic,RBFSVM,0.1,2,RBFSVM support=0.10,0.0251600742340087,0.0010848045349121,0.0010662078857421,0.5,0.4333333333333333,0.4625,0.4109090909090909,0.8125000000000001,0.85,0.7976190476190477,0.8333333333333334,0.8119122257053292,0.96,1423.3634152412415,1423.3885753154755
Classic,RBFSVM,0.1,2,RBFSVM support=0.10,0.0204300880432128,0.000831127166748,0.0007998943328857,0.6666666666666666,0.6666666666666666,0.65,0.6493506493506493,0.8,0.8,0.7472527472527473,0.8,0.7619047619047619,0.96,1423.3634152412415,1423.3838453292847
Classic,RandomForest,0.2,2,RandomForest support=0.20,0.0989360809326171,0.0152342319488525,0.0146057605743408,0.7777777777777778,0.7916666666666667,0.7625,0.7662337662337663,0.925,0.6,0.5274725274725275,0.5333333333333333,0.5238095238095238,0.8,730.0101299285889,730.1090660095215
Classic,RandomForest,0.2,2,RandomForest support=0.20,0.184960126876831,0.0145158767700195,0.0267338752746582,0.7777777777777778,0.7916666666666667,0.7625,0.7662337662337663,0.9125,0.6,0.5274725274725275,0.5333333333333333,0.5238095238095238,0.8,730.0101299285889,730.1950900554657
Classic,RandomForest,0.2,2,RandomForest support=0.20,0.1034052371978759,0.0130598545074462,0.0144350528717041,0.7777777777777778,0.7916666666666667,0.7625,0.7662337662337663,0.91875,0.6,0.5274725274725275,0.5333333333333333,0.5238095238095238,0.8,730.0101299285889,730.1135351657867
Classic,RandomForest,0.2,2,RandomForest support=0.20,0.1826748847961425,0.0274949073791503,0.0257930755615234,0.7777777777777778,0.7916666666666667,0.7625,0.7662337662337663,0.9125,0.6,0.5274725274725275,0.5333333333333333,0.5238095238095238,0.8,730.0101299285889,730.192804813385
Classic,LinearSVM,0.2,2,LinearSVM support=0.20,0.126720905303955,0.0001900196075439,8.916854858398438e-05,0.8333333333333334,0.8376623376623377,0.825,0.8285714285714285,0.95,0.75,0.75,0.8333333333333333,0.7333333333333334,0.8533333333333333,730.0101299285889,730.1368508338928
Classic,LinearSVM,0.2,2,LinearSVM support=0.20,0.1179001331329345,0.0002200603485107,9.965896606445312e-05,0.7777777777777778,0.775,0.775,0.775,0.95,0.65,0.6041666666666667,0.6333333333333333,0.6011396011396011,0.8533333333333333,730.0101299285889,730.1280300617218
Classic,RBFSVM,0.2,2,RBFSVM support=0.20,0.0125038623809814,0.0007050037384033,0.0009448528289794,0.5,0.4333333333333333,0.4625,0.4109090909090909,0.8,0.85,0.7976190476190477,0.8333333333333334,0.8119122257053292,0.96,730.0101299285889,730.0226337909698
Classic,RBFSVM,0.2,2,RBFSVM support=0.20,0.0092909336090087,0.0004501342773437,0.0003938674926757,0.6111111111111112,0.6076923076923078,0.5875,0.5785953177257526,0.8,0.85,0.7976190476190477,0.8333333333333334,0.8119122257053292,0.96,730.0101299285889,730.0194208621979
Classic,RandomForest,0.3,2,RandomForest support=0.30,0.0961279869079589,0.0152168273925781,0.0146331787109375,0.8333333333333334,0.8376623376623377,0.825,0.8285714285714285,0.8875,0.65,0.6041666666666667,0.6333333333333333,0.6011396011396011,0.8,250.72699570655823,250.8231236934662
Classic,RandomForest,0.3,2,RandomForest support=0.30,0.1915788650512695,0.0142099857330322,0.0146408081054687,0.8333333333333334,0.8376623376623377,0.825,0.8285714285714285,0.88125,0.6,0.5274725274725275,0.5333333333333333,0.5238095238095238,0.8,250.72699570655823,250.9185745716095
Classic,RandomForest,0.3,2,RandomForest support=0.30,0.1019937992095947,0.0132627487182617,0.0135111808776855,0.8333333333333334,0.8376623376623377,0.825,0.8285714285714285,0.8875,0.6,0.5274725274725275,0.5333333333333333,0.5238095238095238,0.8,250.72699570655823,250.82898950576782
Classic,RandomForest,0.3,2,RandomForest support=0.30,0.1926231384277343,0.0290188789367675,0.0275068283081054,0.8333333333333334,0.8376623376623377,0.825,0.8285714285714285,0.88125,0.6,0.5274725274725275,0.5333333333333333,0.5238095238095238,0.8,250.72699570655823,250.91961884498596
Classic,LinearSVM,0.3,2,LinearSVM support=0.30,0.1135318279266357,0.0001800060272216,8.106231689453125e-05,0.7777777777777778,0.7916666666666667,0.7625,0.7662337662337663,0.9,0.85,0.8125,0.9,0.829059829059829,0.92,250.72699570655823,250.84052753448486
Classic,LinearSVM,0.3,2,LinearSVM support=0.30,0.1051881313323974,0.0001852512359619,8.797645568847656e-05,0.7222222222222222,0.7207792207792207,0.7125,0.7142857142857142,0.8500000000000001,0.8,0.7472527472527473,0.8,0.7619047619047619,0.9066666666666668,250.72699570655823,250.83218383789062
Classic,RBFSVM,0.3,2,RBFSVM support=0.30,0.0072858333587646,0.0004281997680664,0.0003628730773925,0.5,0.4333333333333333,0.4625,0.4109090909090909,0.8,0.85,0.7976190476190477,0.8333333333333334,0.8119122257053292,0.96,250.72699570655823,250.734281539917
Classic,RBFSVM,0.3,2,RBFSVM support=0.30,0.0065009593963623,0.0004370212554931,0.0003008842468261,0.6111111111111112,0.6076923076923078,0.5875,0.5785953177257526,0.8,0.85,0.7976190476190477,0.8333333333333334,0.8119122257053292,0.96,250.72699570655823,250.7334966659546
Classic,RandomForest,0.4,2,RandomForest support=0.40,0.0963301658630371,0.0142328739166259,0.0147759914398193,0.6666666666666666,0.6666666666666666,0.65,0.6493506493506493,0.79375,0.6,0.5274725274725275,0.5333333333333333,0.5238095238095238,0.8,78.37907457351685,78.47540473937988
Classic,RandomForest,0.4,2,RandomForest support=0.40,0.1827099323272705,0.0143861770629882,0.0144078731536865,0.7222222222222222,0.7207792207792207,0.7125,0.7142857142857142,0.78125,0.6,0.5274725274725275,0.5333333333333333,0.5238095238095238,0.7866666666666666,78.37907457351685,78.56178450584412
Classic,RandomForest,0.4,2,RandomForest support=0.40,0.0948271751403808,0.0144329071044921,0.012516975402832,0.6666666666666666,0.6666666666666666,0.65,0.6493506493506493,0.79375,0.6,0.5274725274725275,0.5333333333333333,0.5238095238095238,0.7866666666666666,78.37907457351685,78.47390174865723
Classic,RandomForest,0.4,2,RandomForest support=0.40,0.1917178630828857,0.0256750583648681,0.0273740291595459,0.7222222222222222,0.7207792207792207,0.7125,0.7142857142857142,0.78125,0.6,0.5274725274725275,0.5333333333333333,0.5238095238095238,0.7866666666666666,78.37907457351685,78.57079243659973
Classic,LinearSVM,0.4,2,LinearSVM support=0.40,0.1160767078399658,0.0002093315124511,0.0002250671386718,0.6111111111111112,0.6038961038961039,0.6,0.6,0.7,0.7,0.6373626373626373,0.6666666666666666,0.6428571428571428,0.84,78.37907457351685,78.49515128135681
Classic,LinearSVM,0.4,2,LinearSVM support=0.40,0.1078367233276367,0.0001888275146484,8.392333984375e-05,0.6111111111111112,0.6038961038961039,0.6,0.6,0.7625,0.75,0.6785714285714286,0.7,0.6865203761755485,0.76,78.37907457351685,78.48691129684448
Classic,RBFSVM,0.4,2,RBFSVM support=0.40,0.0050837993621826,0.0003671646118164,0.0003588199615478,0.5555555555555556,0.5357142857142857,0.525,0.5,0.775,0.85,0.7976190476190477,0.8333333333333334,0.8119122257053292,0.8933333333333333,78.37907457351685,78.38415837287903
Classic,RBFSVM,0.4,2,RBFSVM support=0.40,0.0042841434478759,0.0003130435943603,0.0002779960632324,0.6111111111111112,0.6076923076923078,0.5875,0.5785953177257526,0.7,0.85,0.7976190476190477,0.8333333333333334,0.8119122257053292,0.9466666666666668,78.37907457351685,78.38335871696472
GCN,GCN,,0,GCN h=32 L=2 d=0.0 lr=0.001,1.0395867824554443,0.004850149154663,0.0041449069976806,0.7777777777777778,0.8823529411764706,0.6,0.6,0.8307692307692307,0.7,0.71875,0.6458333333333333,0.6428571428571428,0.875,0.0,1.0395867824554443
GCN,GCN,,0,GCN h=32 L=2 d=0.0 lr=0.005,0.8908419609069824,0.00179123878479,0.0020239353179931,0.8333333333333334,0.90625,0.7,0.7339901477832512,0.8923076923076924,0.7,0.6904761904761905,0.6666666666666667,0.6703296703296704,0.8645833333333334,0.0,0.8908419609069824
GCN,GCN,,0,GCN h=32 L=2 d=0.2 lr=0.001,0.9042718410491944,0.0023863315582275,0.0022311210632324,0.8333333333333334,0.90625,0.7,0.7339901477832512,0.8307692307692307,0.8,0.8095238095238095,0.7708333333333333,0.7802197802197802,0.8645833333333333,0.0,0.9042718410491944
GCN,GCN,,0,GCN h=32 L=2 d=0.2 lr=0.005,0.9108619689941406,0.0018320083618164,0.0020270347595214,0.8333333333333334,0.90625,0.7,0.7339901477832512,0.8923076923076924,0.75,0.7417582417582418,0.7291666666666667,0.7333333333333334,0.8645833333333334,0.0,0.9108619689941406
GCN,GCN,,0,GCN h=32 L=2 d=0.75 lr=0.001,0.9127237796783448,0.0019400119781494,0.0019922256469726,0.7222222222222222,0.3611111111111111,0.5,0.4193548387096774,0.8153846153846154,0.6,0.3,0.5,0.375,0.875,0.0,0.9127237796783448
GCN,GCN,,0,GCN h=32 L=2 d=0.75 lr=0.005,0.9062519073486328,0.0017719268798828,0.001950979232788,0.8333333333333334,0.90625,0.7,0.7339901477832512,0.8769230769230769,0.75,0.7666666666666666,0.7083333333333333,0.7150997150997151,0.8645833333333333,0.0,0.9062519073486328
GCN,GCN,,0,GCN h=32 L=3 d=0.0 lr=0.001,1.0119969844818115,0.0021700859069824,0.0023417472839355,0.8333333333333334,0.90625,0.7,0.7339901477832512,0.8923076923076924,0.7,0.6904761904761905,0.6666666666666667,0.6703296703296704,0.875,0.0,1.0119969844818115
GCN,GCN,,0,GCN h=32 L=3 d=0.0 lr=0.005,1.02679705619812,0.0021669864654541,0.0024187564849853,0.8888888888888888,0.9333333333333332,0.8,0.8392857142857143,0.8923076923076924,0.7,0.6904761904761905,0.6666666666666667,0.6703296703296704,0.8645833333333333,0.0,1.02679705619812
GCN,GCN,,0,GCN h=32 L=3 d=0.2 lr=0.001,1.1158242225646973,0.0020709037780761,0.0023679733276367,0.8333333333333334,0.90625,0.7,0.7339901477832512,0.8307692307692307,0.8,0.8095238095238095,0.7708333333333333,0.7802197802197802,0.8854166666666666,0.0,1.1158242225646973
GCN,GCN,,0,GCN h=32 L=3 d=0.2 lr=0.005,1.1160550117492676,0.002140998840332,0.0023880004882812,0.8333333333333334,0.90625,0.7,0.7339901477832512,0.8923076923076924,0.7,0.6904761904761905,0.6666666666666667,0.6703296703296704,0.8645833333333334,0.0,1.1160550117492676
GCN,GCN,,0,GCN h=32 L=3 d=0.75 lr=0.001,1.1098551750183103,0.0021049976348876,0.0022528171539306,0.7222222222222222,0.3611111111111111,0.5,0.4193548387096774,0.8307692307692307,0.6,0.3,0.5,0.375,0.875,0.0,1.1098551750183103
GCN,GCN,,0,GCN h=32 L=3 d=0.75 lr=0.005,1.1150240898132324,0.0020887851715087,0.0022389888763427,0.8333333333333334,0.90625,0.7,0.7339901477832512,0.8923076923076924,0.8,0.8095238095238095,0.7708333333333333,0.7802197802197802,0.875,0.0,1.1150240898132324
GCN,GCN,,0,GCN h=32 L=4 d=0.0 lr=0.001,1.2012431621551514,0.0023801326751708,0.0026907920837402,0.8333333333333334,0.90625,0.7,0.7339901477832512,0.8461538461538461,0.8,0.8095238095238095,0.7708333333333333,0.7802197802197802,0.8854166666666666,0.0,1.2012431621551514
GCN,GCN,,0,GCN h=32 L=4 d=0.0 lr=0.005,1.184908151626587,0.0026202201843261,0.0025098323822021,0.8888888888888888,0.9333333333333332,0.8,0.8392857142857143,0.8923076923076924,0.7,0.6904761904761905,0.6666666666666667,0.6703296703296704,0.8645833333333334,0.0,1.184908151626587
GCN,GCN,,0,GCN h=32 L=4 d=0.2 lr=0.001,1.3344271183013916,0.0024390220642089,0.0026922225952148,0.8333333333333334,0.90625,0.7,0.7339901477832512,0.8769230769230769,0.8,0.8095238095238095,0.7708333333333333,0.7802197802197802,0.8645833333333333,0.0,1.3344271183013916
GCN,GCN,,0,GCN h=32 L=4 d=0.2 lr=0.005,1.5417547225952148,0.0029919147491455,0.0035209655761718,0.8888888888888888,0.9333333333333332,0.8,0.8392857142857143,0.8923076923076924,0.7,0.6904761904761905,0.6666666666666667,0.6703296703296704,0.8541666666666666,0.0,1.5417547225952148
GCN,GCN,,0,GCN h=32 L=4 d=0.75 lr=0.001,1.456740140914917,0.0025050640106201,0.0028097629547119,0.7222222222222222,0.3611111111111111,0.5,0.4193548387096774,0.8307692307692307,0.6,0.3,0.5,0.375,0.8854166666666667,0.0,1.456740140914917
GCN,GCN,,0,GCN h=32 L=4 d=0.75 lr=0.005,1.582078218460083,0.0045561790466308,0.0050680637359619,0.8888888888888888,0.9333333333333332,0.8,0.8392857142857143,0.8923076923076924,0.8,0.8095238095238095,0.7708333333333333,0.7802197802197802,0.8645833333333333,0.0,1.582078218460083
GCN,GCN,,0,GCN h=64 L=2 d=0.0 lr=0.001,1.0952630043029783,0.0018868446350097,0.0021197795867919,0.8333333333333334,0.90625,0.7,0.7339901477832512,0.8769230769230769,0.75,0.7666666666666666,0.7083333333333333,0.7150997150997151,0.875,0.0,1.0952630043029783
GCN,GCN,,0,GCN h=64 L=2 d=0.0 lr=0.005,1.101691961288452,0.001993179321289,0.002187967300415,0.8333333333333334,0.90625,0.7,0.7339901477832512,0.9076923076923076,0.7,0.6904761904761905,0.6666666666666667,0.6703296703296704,0.8645833333333333,0.0,1.101691961288452
GCN,GCN,,0,GCN h=64 L=2 d=0.2 lr=0.001,1.2422809600830078,0.0019452571868896,0.002253770828247,0.8333333333333334,0.90625,0.7,0.7339901477832512,0.8307692307692307,0.8,0.8095238095238095,0.7708333333333333,0.7802197802197802,0.875,0.0,1.2422809600830078
GCN,GCN,,0,GCN h=64 L=2 d=0.2 lr=0.005,1.1972002983093262,0.0020039081573486,0.0022792816162109,0.8333333333333334,0.90625,0.7,0.7339901477832512,0.8923076923076924,0.7,0.6904761904761905,0.6666666666666667,0.6703296703296704,0.8541666666666666,0.0,1.1972002983093262
GCN,GCN,,0,GCN h=64 L=2 d=0.75 lr=0.001,1.2429287433624268,0.0021388530731201,0.0024819374084472,0.7222222222222222,0.3611111111111111,0.5,0.4193548387096774,0.8307692307692307,0.65,0.8157894736842105,0.5625,0.4982078853046595,0.875,0.0,1.2429287433624268
GCN,GCN,,0,GCN h=64 L=2 d=0.75 lr=0.005,1.2077181339263916,0.001936912536621,0.0021429061889648,0.8333333333333334,0.90625,0.7,0.7339901477832512,0.8923076923076924,0.7,0.6904761904761905,0.6666666666666667,0.6703296703296704,0.8645833333333333,0.0,1.2077181339263916
GCN,GCN,,0,GCN h=64 L=3 d=0.0 lr=0.001,1.467499017715454,0.0026381015777587,0.0025117397308349,0.8333333333333334,0.90625,0.7,0.7339901477832512,0.8923076923076924,0.75,0.7417582417582418,0.7291666666666667,0.7333333333333334,0.8645833333333334,0.0,1.467499017715454
GCN,GCN,,0,GCN h=64 L=3 d=0.0 lr=0.005,1.3897888660430908,0.0026509761810302,0.0027728080749511,0.8333333333333334,0.8035714285714286,0.7615384615384615,0.7777777777777777,0.8615384615384616,0.7,0.6904761904761905,0.6666666666666667,0.6703296703296704,0.875,0.0,1.3897888660430908
GCN,GCN,,0,GCN h=64 L=3 d=0.2 lr=0.001,1.6105899810791016,0.002554178237915,0.0026850700378417,0.8333333333333334,0.90625,0.7,0.7339901477832512,0.8923076923076924,0.75,0.7417582417582418,0.7291666666666667,0.7333333333333334,0.8854166666666667,0.0,1.6105899810791016
GCN,GCN,,0,GCN h=64 L=3 d=0.2 lr=0.005,1.5681099891662598,0.0025150775909423,0.0028989315032958,0.8888888888888888,0.9333333333333332,0.8,0.8392857142857143,0.8769230769230769,0.65,0.6333333333333333,0.6041666666666667,0.6011396011396011,0.8645833333333333,0.0,1.5681099891662598
GCN,GCN,,0,GCN h=64 L=3 d=0.75 lr=0.001,1.5911240577697754,0.0027480125427246,0.0029478073120117,0.7777777777777778,0.8823529411764706,0.6,0.6,0.8153846153846154,0.65,0.6568627450980392,0.5833333333333333,0.561128526645768,0.8645833333333333,0.0,1.5911240577697754
GCN,GCN,,0,GCN h=64 L=3 d=0.75 lr=0.005,1.601593017578125,0.0025432109832763,0.0024249553680419,0.8888888888888888,0.9333333333333332,0.8,0.8392857142857143,0.8923076923076924,0.75,0.7417582417582418,0.7291666666666667,0.7333333333333334,0.875,0.0,1.601593017578125
GCN,GCN,,0,GCN h=64 L=4 d=0.0 lr=0.001,1.6464691162109375,0.0031840801239013,0.0030272006988525,0.8333333333333334,0.90625,0.7,0.7339901477832512,0.8923076923076924,0.75,0.7666666666666666,0.7083333333333333,0.7150997150997151,0.8645833333333334,0.0,1.6464691162109375
GCN,GCN,,0,GCN h=64 L=4 d=0.0 lr=0.005,1.7220580577850342,0.0030188560485839,0.0032641887664794,0.8888888888888888,0.8615384615384616,0.8615384615384616,0.8615384615384616,0.9076923076923076,0.7,0.6904761904761905,0.6666666666666667,0.6703296703296704,0.84375,0.0,1.7220580577850342
GCN,GCN,,0,GCN h=64 L=4 d=0.2 lr=0.001,2.059980869293213,0.0027830600738525,0.0034461021423339,0.8888888888888888,0.9333333333333332,0.8,0.8392857142857143,0.8923076923076924,0.75,0.7417582417582418,0.7291666666666667,0.7333333333333334,0.875,0.0,2.059980869293213
GCN,GCN,,0,GCN h=64 L=4 d=0.2 lr=0.005,1.9595398902893064,0.0028810501098632,0.0034911632537841,0.8333333333333334,0.8035714285714286,0.7615384615384615,0.7777777777777777,0.8615384615384616,0.7,0.6904761904761905,0.6666666666666667,0.6703296703296704,0.8645833333333333,0.0,1.9595398902893064
GCN,GCN,,0,GCN h=64 L=4 d=0.75 lr=0.001,1.9847631454467771,0.0026061534881591,0.0031249523162841,0.8333333333333334,0.90625,0.7,0.7339901477832512,0.8615384615384616,0.7,0.71875,0.6458333333333333,0.6428571428571428,0.8645833333333333,0.0,1.9847631454467771
GCN,GCN,,0,GCN h=64 L=4 d=0.75 lr=0.005,1.982555866241455,0.002781867980957,0.0029346942901611,0.8333333333333334,0.90625,0.7,0.7339901477832512,0.8923076923076924,0.7,0.6904761904761905,0.6666666666666667,0.6703296703296704,0.8541666666666666,0.0,1.982555866241455
GIN,GIN,,0,GIN h=32 L=2 d=0.0 lr=0.001,0.8241770267486572,0.002838134765625,0.0030899047851562,0.9444444444444444,0.9642857142857144,0.9,0.9259259259259258,0.9692307692307692,0.75,0.7424242424242424,0.75,0.7442455242966752,0.8854166666666667,0.0,0.8241770267486572
GIN,GIN,,0,GIN h=32 L=2 d=0.0 lr=0.005,0.8072061538696289,0.0018441677093505,0.0018002986907958,0.9444444444444444,0.9642857142857144,0.9,0.9259259259259258,0.9846153846153848,0.8,0.7916666666666667,0.7916666666666667,0.7916666666666667,0.8541666666666667,0.0,0.8072061538696289
GIN,GIN,,0,GIN h=32 L=2 d=0.2 lr=0.001,0.8599398136138916,0.0015411376953125,0.001694917678833,0.8333333333333334,0.90625,0.7,0.7339901477832512,0.9692307692307692,0.75,0.7424242424242424,0.75,0.7442455242966752,0.8854166666666667,0.0,0.8599398136138916
GIN,GIN,,0,GIN h=32 L=2 d=0.2 lr=0.005,0.7854099273681641,0.0015051364898681,0.0015749931335449,0.9444444444444444,0.9642857142857144,0.9,0.9259259259259258,0.9846153846153848,0.8,0.8,0.8125,0.797979797979798,0.78125,0.0,0.7854099273681641
GIN,GIN,,0,GIN h=32 L=2 d=0.75 lr=0.001,0.7810091972351074,0.0014169216156005,0.0017101764678955,0.8333333333333334,0.90625,0.7,0.7339901477832512,0.953846153846154,0.85,0.8516483516483516,0.8333333333333333,0.8400000000000001,0.8958333333333334,0.0,0.7810091972351074
GIN,GIN,,0,GIN h=32 L=2 d=0.75 lr=0.005,0.7898988723754883,0.0015091896057128,0.0015869140625,0.8888888888888888,0.8615384615384616,0.8615384615384616,0.8615384615384616,0.9692307692307692,0.85,0.8636363636363636,0.875,0.849624060150376,0.8229166666666667,0.0,0.7898988723754883
GIN,GIN,,0,GIN h=32 L=3 d=0.0 lr=0.001,0.8693249225616455,0.0015873908996582,0.0018591880798339,0.9444444444444444,0.9642857142857144,0.9,0.9259259259259258,0.9846153846153848,0.8,0.8,0.8125,0.797979797979798,0.8020833333333334,0.0,0.8693249225616455
GIN,GIN,,0,GIN h=32 L=3 d=0.0 lr=0.005,0.8755340576171875,0.0015838146209716,0.0018560886383056,0.8888888888888888,0.8571428571428572,0.9230769230769232,0.875,1.0,0.85,0.8636363636363636,0.875,0.849624060150376,0.9270833333333331,0.0,0.8755340576171875
GIN,GIN,,0,GIN h=32 L=3 d=0.2 lr=0.001,0.9926259517669678,0.0015978813171386,0.0018820762634277,0.8888888888888888,0.8571428571428572,0.9230769230769232,0.875,1.0,0.8,0.8333333333333333,0.8333333333333333,0.8,0.8229166666666667,0.0,0.9926259517669678
GIN,GIN,,0,GIN h=32 L=3 d=0.2 lr=0.005,0.976416826248169,0.0016548633575439,0.0018720626831054,0.8888888888888888,0.9333333333333332,0.8,0.8392857142857143,1.0,0.8,0.7916666666666667,0.7916666666666667,0.7916666666666667,0.8958333333333334,0.0,0.976416826248169
GIN,GIN,,0,GIN h=32 L=3 d=0.75 lr=0.001,0.9622478485107422,0.0015869140625,0.0018177032470703,0.9444444444444444,0.9642857142857144,0.9,0.9259259259259258,0.9692307692307692,0.8,0.8,0.8125,0.797979797979798,0.875,0.0,0.9622478485107422
GIN,GIN,,0,GIN h=32 L=3 d=0.75 lr=0.005,0.9742121696472168,0.0016031265258789,0.0018448829650878,0.9444444444444444,0.9166666666666669,0.9615384615384616,0.9345454545454546,1.0,0.8,0.8333333333333333,0.8333333333333333,0.8,0.8125,0.0,0.9742121696472168
GIN,GIN,,0,GIN h=32 L=4 d=0.0 lr=0.001,1.051837921142578,0.0017609596252441,0.0019919872283935,1.0,1.0,1.0,1.0,1.0,0.85,0.8636363636363636,0.875,0.849624060150376,0.7916666666666666,0.0,1.051837921142578
GIN,GIN,,0,GIN h=32 L=4 d=0.0 lr=0.005,1.0555260181427002,0.0017669200897216,0.0020291805267333,0.9444444444444444,0.9642857142857144,0.9,0.9259259259259258,0.9846153846153848,0.85,0.8434343434343434,0.8541666666666667,0.8465473145780051,0.8854166666666666,0.0,1.0555260181427002
GIN,GIN,,0,GIN h=32 L=4 d=0.2 lr=0.001,1.165877103805542,0.002256155014038,0.0050089359283447,0.8888888888888888,0.8615384615384616,0.8615384615384616,0.8615384615384616,0.9692307692307692,0.7,0.7,0.7083333333333333,0.696969696969697,0.8125,0.0,1.165877103805542
GIN,GIN,,0,GIN h=32 L=4 d=0.2 lr=0.005,1.288624286651611,0.0022430419921875,0.0039002895355224,0.8333333333333334,0.7916666666666666,0.823076923076923,0.8036363636363637,0.9692307692307692,0.85,0.8636363636363636,0.875,0.849624060150376,0.9375,0.0,1.288624286651611
GIN,GIN,,0,GIN h=32 L=4 d=0.75 lr=0.001,1.4022712707519531,0.0022609233856201,0.002357006072998,0.8888888888888888,0.8615384615384616,0.8615384615384616,0.8615384615384616,0.9692307692307692,0.8,0.8333333333333333,0.8333333333333333,0.8,0.875,0.0,1.4022712707519531
GIN,GIN,,0,GIN h=32 L=4 d=0.75 lr=0.005,1.3029561042785645,0.0021812915802001,0.0025489330291748,0.8888888888888888,0.8571428571428572,0.9230769230769232,0.875,1.0,0.8,0.8333333333333333,0.8333333333333333,0.8,0.8541666666666667,0.0,1.3029561042785645
GIN,GIN,,0,GIN h=64 L=2 d=0.0 lr=0.001,1.1075172424316406,0.0016419887542724,0.0018527507781982,0.9444444444444444,0.9642857142857144,0.9,0.9259259259259258,0.9692307692307692,0.75,0.7424242424242424,0.75,0.7442455242966752,0.8541666666666666,0.0,1.1075172424316406
GIN,GIN,,0,GIN h=64 L=2 d=0.0 lr=0.005,1.1590702533721924,0.0029687881469726,0.0032520294189453,0.9444444444444444,0.9166666666666669,0.9615384615384616,0.9345454545454546,0.9384615384615383,0.85,0.8434343434343434,0.8541666666666667,0.8465473145780051,0.8958333333333333,0.0,1.1590702533721924
GIN,GIN,,0,GIN h=64 L=2 d=0.2 lr=0.001,1.3472046852111816,0.0018541812896728,0.0018198490142822,0.9444444444444444,0.9166666666666669,0.9615384615384616,0.9345454545454546,1.0,0.85,0.8636363636363636,0.875,0.849624060150376,0.8125,0.0,1.3472046852111816
GIN,GIN,,0,GIN h=64 L=2 d=0.2 lr=0.005,1.248331069946289,0.0018789768218994,0.0022628307342529,0.9444444444444444,0.9642857142857144,0.9,0.9259259259259258,0.9692307692307692,0.8,0.7916666666666667,0.7916666666666667,0.7916666666666667,0.8854166666666667,0.0,1.248331069946289
GIN,GIN,,0,GIN h=64 L=2 d=0.75 lr=0.001,1.2621166706085205,0.0018680095672607,0.0018222332000732,0.8333333333333334,0.90625,0.7,0.7339901477832512,0.9692307692307692,0.8,0.7916666666666667,0.7916666666666667,0.7916666666666667,0.90625,0.0,1.2621166706085205
GIN,GIN,,0,GIN h=64 L=2 d=0.75 lr=0.005,1.1920597553253174,0.0016620159149169,0.001971960067749,0.8888888888888888,0.8571428571428572,0.9230769230769232,0.875,1.0,0.8,0.8333333333333333,0.8333333333333333,0.8,0.875,0.0,1.1920597553253174
GIN,GIN,,0,GIN h=64 L=3 d=0.0 lr=0.001,1.3529789447784424,0.0021877288818359,0.0025951862335205,0.9444444444444444,0.9642857142857144,0.9,0.9259259259259258,0.9692307692307692,0.8,0.7916666666666667,0.7916666666666667,0.7916666666666667,0.8645833333333334,0.0,1.3529789447784424
GIN,GIN,,0,GIN h=64 L=3 d=0.0 lr=0.005,1.399543046951294,0.0022652149200439,0.0023291110992431,0.9444444444444444,0.9166666666666669,0.9615384615384616,0.9345454545454546,0.9846153846153848,0.95,0.9444444444444444,0.9583333333333331,0.948849104859335,0.9270833333333331,0.0,1.399543046951294
GIN,GIN,,0,GIN h=64 L=3 d=0.2 lr=0.001,1.5832171440124512,0.0019590854644775,0.0022058486938476,0.9444444444444444,0.9642857142857144,0.9,0.9259259259259258,0.9692307692307692,0.85,0.8636363636363636,0.875,0.849624060150376,0.8125,0.0,1.5832171440124512
GIN,GIN,,0,GIN h=64 L=3 d=0.2 lr=0.005,1.7099311351776123,0.0021870136260986,0.0020070075988769,0.9444444444444444,0.9642857142857144,0.9,0.9259259259259258,1.0,0.75,0.7417582417582418,0.7291666666666667,0.7333333333333334,0.8958333333333334,0.0,1.7099311351776123
GIN,GIN,,0,GIN h=64 L=3 d=0.75 lr=0.001,1.5719189643859863,0.0021851062774658,0.0024571418762207,0.9444444444444444,0.9642857142857144,0.9,0.9259259259259258,0.9692307692307692,0.8,0.8,0.8125,0.797979797979798,0.875,0.0,1.5719189643859863
GIN,GIN,,0,GIN h=64 L=3 d=0.75 lr=0.005,1.6463217735290527,0.0023238658905029,0.0024130344390869,0.8888888888888888,0.9333333333333332,0.8,0.8392857142857143,0.9692307692307692,0.8,0.7916666666666667,0.7916666666666667,0.7916666666666667,0.8958333333333334,0.0,1.6463217735290527
GIN,GIN,,0,GIN h=64 L=4 d=0.0 lr=0.001,1.612701177597046,0.0025310516357421,0.0024969577789306,1.0,1.0,1.0,1.0,1.0,0.75,0.7417582417582418,0.7291666666666667,0.7333333333333334,0.9166666666666669,0.0,1.612701177597046
GIN,GIN,,0,GIN h=64 L=4 d=0.0 lr=0.005,1.614656925201416,0.0024669170379638,0.0028212070465087,0.8888888888888888,0.8615384615384616,0.8615384615384616,0.8615384615384616,0.953846153846154,0.9,0.9,0.9166666666666669,0.898989898989899,0.8645833333333334,0.0,1.614656925201416
GIN,GIN,,0,GIN h=64 L=4 d=0.2 lr=0.001,2.241323947906494,0.0023989677429199,0.0024619102478027,0.9444444444444444,0.9642857142857144,0.9,0.9259259259259258,0.9692307692307692,0.75,0.7417582417582418,0.7291666666666667,0.7333333333333334,0.875,0.0,2.241323947906494
GIN,GIN,,0,GIN h=64 L=4 d=0.2 lr=0.005,1.989075183868408,0.0023901462554931,0.0024528503417968,0.9444444444444444,0.9642857142857144,0.9,0.9259259259259258,1.0,0.85,0.8434343434343434,0.8541666666666667,0.8465473145780051,0.875,0.0,1.989075183868408
GIN,GIN,,0,GIN h=64 L=4 d=0.75 lr=0.001,1.9451849460601809,0.0025668144226074,0.0032269954681396,0.8888888888888888,0.8615384615384616,0.8615384615384616,0.8615384615384616,0.9846153846153848,0.8,0.8333333333333333,0.8333333333333333,0.8,0.8541666666666666,0.0,1.9451849460601809
GIN,GIN,,0,GIN h=64 L=4 d=0.75 lr=0.005,2.087574005126953,0.0024480819702148,0.0023999214172363,0.8888888888888888,0.8571428571428572,0.9230769230769232,0.875,1.0,0.8,0.8333333333333333,0.8333333333333333,0.8,0.8645833333333333,0.0,2.087574005126953
GCN,GCN,,1,GCN h=32 L=2 d=0.0 lr=0.001,1.0892469882965088,0.0027723312377929,0.0033349990844726,0.6666666666666666,0.8125,0.625,0.5846153846153846,0.7250000000000001,0.65,0.8055555555555556,0.6111111111111112,0.561128526645768,0.898989898989899,0.0,1.0892469882965088
GCN,GCN,,1,GCN h=32 L=2 d=0.0 lr=0.005,1.0518441200256348,0.0017561912536621,0.0020880699157714,0.6666666666666666,0.8125,0.625,0.5846153846153846,0.6375,0.75,0.84375,0.7222222222222222,0.7150997150997151,0.8888888888888888,0.0,1.0518441200256348
GCN,GCN,,1,GCN h=32 L=2 d=0.2 lr=0.001,0.998741865158081,0.0021820068359375,0.0020210742950439,0.5555555555555556,0.2777777777777778,0.5,0.3571428571428571,0.7250000000000001,0.6,0.7894736842105263,0.5555555555555556,0.4666666666666667,0.888888888888889,0.0,0.998741865158081
GCN,GCN,,1,GCN h=32 L=2 d=0.2 lr=0.005,0.9792661666870116,0.0018329620361328,0.0020761489868164,0.7222222222222222,0.8333333333333333,0.6875,0.6727272727272727,0.6375,0.75,0.84375,0.7222222222222222,0.7150997150997151,0.9090909090909092,0.0,0.9792661666870116
GCN,GCN,,1,GCN h=32 L=2 d=0.75 lr=0.001,0.9006319046020508,0.0017621517181396,0.0021138191223144,0.5555555555555556,0.2777777777777778,0.5,0.3571428571428571,0.7250000000000001,0.55,0.275,0.5,0.3548387096774194,0.9090909090909092,0.0,0.9006319046020508
GCN,GCN,,1,GCN h=32 L=2 d=0.75 lr=0.005,0.9150760173797609,0.0017981529235839,0.0020031929016113,0.7222222222222222,0.8333333333333333,0.6875,0.6727272727272727,0.7250000000000001,0.75,0.84375,0.7222222222222222,0.7150997150997151,0.9292929292929292,0.0,0.9150760173797609
GCN,GCN,,1,GCN h=32 L=3 d=0.0 lr=0.001,1.077419996261597,0.0021092891693115,0.002418041229248,0.7222222222222222,0.8333333333333333,0.6875,0.6727272727272727,0.7250000000000001,0.75,0.84375,0.7222222222222222,0.7150997150997151,0.9191919191919192,0.0,1.077419996261597
GCN,GCN,,1,GCN h=32 L=3 d=0.0 lr=0.005,1.0530049800872805,0.0020842552185058,0.002425193786621,0.7222222222222222,0.8333333333333333,0.6875,0.6727272727272727,0.65,0.8,0.8666666666666667,0.7777777777777778,0.7802197802197802,0.9090909090909092,0.0,1.0530049800872805
GCN,GCN,,1,GCN h=32 L=3 d=0.2 lr=0.001,1.1161599159240725,0.0021040439605712,0.0023069381713867,0.7222222222222222,0.8333333333333333,0.6875,0.6727272727272727,0.7250000000000001,0.7,0.8235294117647058,0.6666666666666666,0.6428571428571428,0.9090909090909092,0.0,1.1161599159240725
GCN,GCN,,1,GCN h=32 L=3 d=0.2 lr=0.005,1.130927801132202,0.0020902156829833,0.0024468898773193,0.7222222222222222,0.8333333333333333,0.6875,0.6727272727272727,0.6625,0.8,0.8666666666666667,0.7777777777777778,0.7802197802197802,0.9090909090909092,0.0,1.130927801132202
GCN,GCN,,1,GCN h=32 L=3 d=0.75 lr=0.001,1.1283137798309326,0.0021009445190429,0.0023376941680908,0.5555555555555556,0.2777777777777778,0.5,0.3571428571428571,0.7250000000000001,0.55,0.275,0.5,0.3548387096774194,0.9090909090909092,0.0,1.1283137798309326
GCN,GCN,,1,GCN h=32 L=3 d=0.75 lr=0.005,1.147840976715088,0.0021922588348388,0.0022811889648437,0.7222222222222222,0.8333333333333333,0.6875,0.6727272727272727,0.7250000000000001,0.85,0.8928571428571428,0.8333333333333333,0.8400000000000001,0.9393939393939394,0.0,1.147840976715088
GCN,GCN,,1,GCN h=32 L=4 d=0.0 lr=0.001,1.2551140785217283,0.0027759075164794,0.003148078918457,0.7222222222222222,0.8333333333333333,0.6875,0.6727272727272727,0.6499999999999999,0.8,0.8666666666666667,0.7777777777777778,0.7802197802197802,0.8585858585858586,0.0,1.2551140785217283
GCN,GCN,,1,GCN h=32 L=4 d=0.0 lr=0.005,1.3155241012573242,0.002587080001831,0.0025908946990966,0.6666666666666666,0.8125,0.625,0.5846153846153846,0.6375,0.8,0.8666666666666667,0.7777777777777778,0.7802197802197802,0.9090909090909092,0.0,1.3155241012573242
GCN,GCN,,1,GCN h=32 L=4 d=0.2 lr=0.001,1.3337640762329102,0.0024480819702148,0.0028328895568847,0.6666666666666666,0.6964285714285714,0.6375,0.625,0.7125,0.8,0.8666666666666667,0.7777777777777778,0.7802197802197802,0.9393939393939394,0.0,1.3337640762329102
GCN,GCN,,1,GCN h=32 L=4 d=0.2 lr=0.005,1.3909108638763428,0.0025370121002197,0.0026168823242187,0.6666666666666666,0.6964285714285714,0.6375,0.625,0.7125,0.85,0.8928571428571428,0.8333333333333333,0.8400000000000001,0.9393939393939394,0.0,1.3909108638763428
GCN,GCN,,1,GCN h=32 L=4 d=0.75 lr=0.001,1.3585941791534424,0.0025010108947753,0.0027689933776855,0.5555555555555556,0.2777777777777778,0.5,0.3571428571428571,0.7375,0.55,0.275,0.5,0.3548387096774194,0.8787878787878788,0.0,1.3585941791534424
GCN,GCN,,1,GCN h=32 L=4 d=0.75 lr=0.005,1.3594980239868164,0.0024850368499755,0.0027163028717041,0.6666666666666666,0.6964285714285714,0.6375,0.625,0.7250000000000001,0.85,0.8928571428571428,0.8333333333333333,0.8400000000000001,0.9494949494949494,0.0,1.3594980239868164
GCN,GCN,,1,GCN h=64 L=2 d=0.0 lr=0.001,1.0891950130462646,0.0021538734436035,0.0024240016937255,0.7222222222222222,0.8333333333333333,0.6875,0.6727272727272727,0.7125,0.75,0.84375,0.7222222222222222,0.7150997150997151,0.888888888888889,0.0,1.0891950130462646
GCN,GCN,,1,GCN h=64 L=2 d=0.0 lr=0.005,1.0825483798980713,0.0021440982818603,0.0025999546051025,0.6666666666666666,0.8125,0.625,0.5846153846153846,0.65,0.75,0.84375,0.7222222222222222,0.7150997150997151,0.9191919191919192,0.0,1.0825483798980713
GCN,GCN,,1,GCN h=64 L=2 d=0.2 lr=0.001,1.22471284866333,0.0018918514251708,0.0022029876708984,0.7222222222222222,0.8333333333333333,0.6875,0.6727272727272727,0.7125,0.75,0.84375,0.7222222222222222,0.7150997150997151,0.888888888888889,0.0,1.22471284866333
GCN,GCN,,1,GCN h=64 L=2 d=0.2 lr=0.005,1.2133631706237793,0.0018796920776367,0.0021071434020996,0.6666666666666666,0.8125,0.625,0.5846153846153846,0.65,0.8,0.8666666666666667,0.7777777777777778,0.7802197802197802,0.9090909090909092,0.0,1.2133631706237793
GCN,GCN,,1,GCN h=64 L=2 d=0.75 lr=0.001,1.3003737926483154,0.0022447109222412,0.0024750232696533,0.6111111111111112,0.7941176470588236,0.5625,0.4814814814814814,0.7250000000000001,0.6,0.7894736842105263,0.5555555555555556,0.4666666666666667,0.9090909090909092,0.0,1.3003737926483154
GCN,GCN,,1,GCN h=64 L=2 d=0.75 lr=0.005,1.2313432693481443,0.0019309520721435,0.0022311210632324,0.7222222222222222,0.8333333333333333,0.6875,0.6727272727272727,0.7,0.8,0.8666666666666667,0.7777777777777778,0.7802197802197802,0.9393939393939394,0.0,1.2313432693481443
GCN,GCN,,1,GCN h=64 L=3 d=0.0 lr=0.001,1.3527991771697998,0.0023908615112304,0.0023822784423828,0.7222222222222222,0.8333333333333333,0.6875,0.6727272727272727,0.6625,0.8,0.8666666666666667,0.7777777777777778,0.7802197802197802,0.898989898989899,0.0,1.3527991771697998
GCN,GCN,,1,GCN h=64 L=3 d=0.0 lr=0.005,1.4038190841674805,0.0027358531951904,0.003058910369873,0.6111111111111112,0.6333333333333333,0.575,0.5418181818181818,0.6625,0.8,0.8666666666666667,0.7777777777777778,0.7802197802197802,0.898989898989899,0.0,1.4038190841674805
GCN,GCN,,1,GCN h=64 L=3 d=0.2 lr=0.001,1.619757890701294,0.0022499561309814,0.0025637149810791,0.7222222222222222,0.8333333333333333,0.6875,0.6727272727272727,0.7250000000000001,0.75,0.84375,0.7222222222222222,0.7150997150997151,0.9292929292929292,0.0,1.619757890701294
GCN,GCN,,1,GCN h=64 L=3 d=0.2 lr=0.005,1.614759922027588,0.0027132034301757,0.0028316974639892,0.6111111111111112,0.6333333333333333,0.575,0.5418181818181818,0.6499999999999999,0.8,0.8666666666666667,0.7777777777777778,0.7802197802197802,0.9090909090909092,0.0,1.614759922027588
GCN,GCN,,1,GCN h=64 L=3 d=0.75 lr=0.001,1.583749771118164,0.0022521018981933,0.0028290748596191,0.7222222222222222,0.8333333333333333,0.6875,0.6727272727272727,0.7250000000000001,0.7,0.8235294117647058,0.6666666666666666,0.6428571428571428,0.9090909090909092,0.0,1.583749771118164
GCN,GCN,,1,GCN h=64 L=3 d=0.75 lr=0.005,1.607288122177124,0.0023369789123535,0.0024540424346923,0.7222222222222222,0.8333333333333333,0.6875,0.6727272727272727,0.7250000000000001,0.8,0.8666666666666667,0.7777777777777778,0.7802197802197802,0.9292929292929292,0.0,1.607288122177124
GCN,GCN,,1,GCN h=64 L=4 d=0.0 lr=0.001,1.9067797660827637,0.0027298927307128,0.0029749870300292,0.7222222222222222,0.8333333333333333,0.6875,0.6727272727272727,0.7,0.85,0.8928571428571428,0.8333333333333333,0.8400000000000001,0.9393939393939394,0.0,1.9067797660827637
GCN,GCN,,1,GCN h=64 L=4 d=0.0 lr=0.005,1.7181291580200195,0.0026781558990478,0.002997875213623,0.6666666666666666,0.8125,0.625,0.5846153846153846,0.6875,0.8,0.8666666666666667,0.7777777777777778,0.7802197802197802,0.898989898989899,0.0,1.7181291580200195
GCN,GCN,,1,GCN h=64 L=4 d=0.2 lr=0.001,1.9878718852996824,0.0028266906738281,0.0031790733337402,0.7222222222222222,0.8333333333333333,0.6875,0.6727272727272727,0.7125,0.85,0.8928571428571428,0.8333333333333333,0.8400000000000001,0.9494949494949494,0.0,1.9878718852996824
GCN,GCN,,1,GCN h=64 L=4 d=0.2 lr=0.005,1.9852559566497805,0.0029048919677734,0.0032219886779785,0.7222222222222222,0.8333333333333333,0.6875,0.6727272727272727,0.6625,0.8,0.8666666666666667,0.7777777777777778,0.7802197802197802,0.9090909090909092,0.0,1.9852559566497805
GCN,GCN,,1,GCN h=64 L=4 d=0.75 lr=0.001,1.9867701530456543,0.0029261112213134,0.0029771327972412,0.6666666666666666,0.8125,0.625,0.5846153846153846,0.7125,0.7,0.8235294117647058,0.6666666666666666,0.6428571428571428,0.9393939393939394,0.0,1.9867701530456543
GCN,GCN,,1,GCN h=64 L=4 d=0.75 lr=0.005,1.9930682182312012,0.0028328895568847,0.0029020309448242,0.7222222222222222,0.8333333333333333,0.6875,0.6727272727272727,0.7125,0.8,0.8666666666666667,0.7777777777777778,0.7802197802197802,0.9393939393939394,0.0,1.9930682182312012
GIN,GIN,,1,GIN h=32 L=2 d=0.0 lr=0.001,0.753350019454956,0.0023679733276367,0.0028088092803955,0.7222222222222222,0.8333333333333333,0.6875,0.6727272727272727,0.875,0.95,0.9583333333333331,0.9444444444444444,0.948849104859335,0.9797979797979798,0.0,0.753350019454956
GIN,GIN,,1,GIN h=32 L=2 d=0.0 lr=0.005,0.7712130546569824,0.0025088787078857,0.0019173622131347,0.6666666666666666,0.8125,0.625,0.5846153846153846,0.9,0.8,0.8666666666666667,0.7777777777777778,0.7802197802197802,0.9898989898989898,0.0,0.7712130546569824
GIN,GIN,,1,GIN h=32 L=2 d=0.2 lr=0.001,1.326371192932129,0.0020279884338378,0.0021021366119384,0.7222222222222222,0.8333333333333333,0.6875,0.6727272727272727,0.875,0.9,0.9230769230769232,0.8888888888888888,0.8958333333333333,0.9797979797979798,0.0,1.326371192932129
GIN,GIN,,1,GIN h=32 L=2 d=0.2 lr=0.005,0.8610329627990723,0.0015180110931396,0.0016109943389892,0.6666666666666666,0.8125,0.625,0.5846153846153846,0.9375,0.8,0.8666666666666667,0.7777777777777778,0.7802197802197802,1.0,0.0,0.8610329627990723
GIN,GIN,,1,GIN h=32 L=2 d=0.75 lr=0.001,0.8126027584075928,0.0014929771423339,0.0015819072723388,0.7222222222222222,0.8333333333333333,0.6875,0.6727272727272727,0.85,0.8,0.8666666666666667,0.7777777777777778,0.7802197802197802,0.9595959595959596,0.0,0.8126027584075928
GIN,GIN,,1,GIN h=32 L=2 d=0.75 lr=0.005,0.8806047439575195,0.0014920234680175,0.001716136932373,0.7222222222222222,0.8333333333333333,0.6875,0.6727272727272727,0.8875,0.95,0.9583333333333331,0.9444444444444444,0.948849104859335,0.9898989898989898,0.0,0.8806047439575195
GIN,GIN,,1,GIN h=32 L=3 d=0.0 lr=0.001,1.1410329341888428,0.0018680095672607,0.0021309852600097,0.7777777777777778,0.8571428571428572,0.75,0.75,0.9125,0.95,0.9583333333333331,0.9444444444444444,0.948849104859335,0.9898989898989898,0.0,1.1410329341888428
GIN,GIN,,1,GIN h=32 L=3 d=0.0 lr=0.005,0.9810378551483154,0.0019340515136718,0.002587080001831,0.7222222222222222,0.8333333333333333,0.6875,0.6727272727272727,0.9,0.85,0.8928571428571428,0.8333333333333333,0.8400000000000001,0.9898989898989898,0.0,0.9810378551483154
GIN,GIN,,1,GIN h=32 L=3 d=0.2 lr=0.001,1.1379530429840088,0.0019168853759765,0.0021858215332031,0.7777777777777778,0.7916666666666667,0.7625,0.7662337662337663,0.9125,0.95,0.9583333333333331,0.9444444444444444,0.948849104859335,0.9898989898989898,0.0,1.1379530429840088
GIN,GIN,,1,GIN h=32 L=3 d=0.2 lr=0.005,1.029541254043579,0.0016970634460449,0.0018141269683837,0.6111111111111112,0.7941176470588236,0.5625,0.4814814814814814,0.8625,0.7,0.8235294117647058,0.6666666666666666,0.6428571428571428,0.9797979797979798,0.0,1.029541254043579
GIN,GIN,,1,GIN h=32 L=3 d=0.75 lr=0.001,1.0082342624664309,0.0017640590667724,0.0018210411071777,0.8333333333333334,0.8846153846153846,0.8125,0.8193979933110368,0.9125,0.95,0.9583333333333331,0.9444444444444444,0.948849104859335,0.9898989898989898,0.0,1.0082342624664309
GIN,GIN,,1,GIN h=32 L=3 d=0.75 lr=0.005,0.978193998336792,0.001589298248291,0.0018339157104492,0.7222222222222222,0.7207792207792207,0.7125,0.7142857142857142,0.8875,0.95,0.9583333333333331,0.9444444444444444,0.948849104859335,0.9898989898989898,0.0,0.978193998336792
GIN,GIN,,1,GIN h=32 L=4 d=0.0 lr=0.001,1.0313222408294678,0.0018391609191894,0.0019707679748535,0.8333333333333334,0.8376623376623377,0.825,0.8285714285714285,0.9125,0.95,0.9583333333333331,0.9444444444444444,0.948849104859335,0.9898989898989898,0.0,1.0313222408294678
GIN,GIN,,1,GIN h=32 L=4 d=0.0 lr=0.005,1.0609030723571775,0.0017850399017333,0.0019550323486328,0.7777777777777778,0.8571428571428572,0.75,0.75,0.9125,0.9,0.9230769230769232,0.8888888888888888,0.8958333333333333,0.9898989898989898,0.0,1.0609030723571775
GIN,GIN,,1,GIN h=32 L=4 d=0.2 lr=0.001,1.1576898097991943,0.0017940998077392,0.0019919872283935,0.8333333333333334,0.8376623376623377,0.825,0.8285714285714285,0.9125,0.95,0.9583333333333331,0.9444444444444444,0.948849104859335,0.9898989898989898,0.0,1.1576898097991943
GIN,GIN,,1,GIN h=32 L=4 d=0.2 lr=0.005,1.1562128067016602,0.0017778873443603,0.0019607543945312,0.7777777777777778,0.8571428571428572,0.75,0.75,0.9375,0.8,0.8666666666666667,0.7777777777777778,0.7802197802197802,1.0,0.0,1.1562128067016602
GIN,GIN,,1,GIN h=32 L=4 d=0.75 lr=0.001,1.1950199604034424,0.0017619132995605,0.0019299983978271,0.7777777777777778,0.775,0.775,0.775,0.9,0.95,0.9583333333333331,0.9444444444444444,0.948849104859335,0.9898989898989898,0.0,1.1950199604034424
GIN,GIN,,1,GIN h=32 L=4 d=0.75 lr=0.005,1.4378530979156494,0.0017871856689453,0.0021419525146484,0.7222222222222222,0.7207792207792207,0.7125,0.7142857142857142,0.8875,0.95,0.9583333333333331,0.9444444444444444,0.948849104859335,0.9898989898989898,0.0,1.4378530979156494
GIN,GIN,,1,GIN h=64 L=2 d=0.0 lr=0.001,0.933324098587036,0.001763105392456,0.0017609596252441,0.7222222222222222,0.8333333333333333,0.6875,0.6727272727272727,0.8625,0.8,0.8666666666666667,0.7777777777777778,0.7802197802197802,0.9797979797979798,0.0,0.933324098587036
GIN,GIN,,1,GIN h=64 L=2 d=0.0 lr=0.005,0.9315669536590576,0.0016281604766845,0.0017440319061279,0.6111111111111112,0.6076923076923078,0.5875,0.5785953177257526,0.8375,0.8,0.8666666666666667,0.7777777777777778,0.7802197802197802,1.0,0.0,0.9315669536590576
GIN,GIN,,1,GIN h=64 L=2 d=0.2 lr=0.001,1.1790258884429932,0.0016109943389892,0.0018129348754882,0.7222222222222222,0.8333333333333333,0.6875,0.6727272727272727,0.9125,0.85,0.8928571428571428,0.8333333333333333,0.8400000000000001,0.9898989898989898,0.0,1.1790258884429932
GIN,GIN,,1,GIN h=64 L=2 d=0.2 lr=0.005,1.324601173400879,0.002288818359375,0.0029239654541015,0.6111111111111112,0.7941176470588236,0.5625,0.4814814814814814,0.8500000000000001,0.75,0.84375,0.7222222222222222,0.7150997150997151,1.0,0.0,1.324601173400879
GIN,GIN,,1,GIN h=64 L=2 d=0.75 lr=0.001,1.3622541427612305,0.003469705581665,0.0024089813232421,0.7222222222222222,0.8333333333333333,0.6875,0.6727272727272727,0.9,0.95,0.9583333333333331,0.9444444444444444,0.948849104859335,0.9898989898989898,0.0,1.3622541427612305
GIN,GIN,,1,GIN h=64 L=2 d=0.75 lr=0.005,1.3386361598968506,0.0021488666534423,0.0024816989898681,0.7777777777777778,0.8571428571428572,0.75,0.75,0.9125,0.95,0.9583333333333331,0.9444444444444444,0.948849104859335,0.9898989898989898,0.0,1.3386361598968506
GIN,GIN,,1,GIN h=64 L=3 d=0.0 lr=0.001,1.543139934539795,0.0033259391784667,0.0026319026947021,0.7777777777777778,0.7916666666666667,0.7625,0.7662337662337663,0.9375,0.9,0.9230769230769232,0.8888888888888888,0.8958333333333333,0.9898989898989898,0.0,1.543139934539795
GIN,GIN,,1,GIN h=64 L=3 d=0.0 lr=0.005,1.5706229209899902,0.00248384475708,0.0030121803283691,0.6666666666666666,0.8125,0.625,0.5846153846153846,0.8625,0.85,0.8928571428571428,0.8333333333333333,0.8400000000000001,1.0,0.0,1.5706229209899902
GIN,GIN,,1,GIN h=64 L=3 d=0.2 lr=0.001,2.11499285697937,0.0029530525207519,0.0037009716033935,0.7777777777777778,0.7916666666666667,0.7625,0.7662337662337663,0.9125,0.95,0.9583333333333331,0.9444444444444444,0.948849104859335,0.9898989898989898,0.0,2.11499285697937
GIN,GIN,,1,GIN h=64 L=3 d=0.2 lr=0.005,1.9644339084625244,0.0035979747772216,0.0029041767120361,0.6666666666666666,0.8125,0.625,0.5846153846153846,0.9375,0.75,0.84375,0.7222222222222222,0.7150997150997151,1.0,0.0,1.9644339084625244
GIN,GIN,,1,GIN h=64 L=3 d=0.75 lr=0.001,1.941709041595459,0.0025849342346191,0.002777099609375,0.7222222222222222,0.7207792207792207,0.7125,0.7142857142857142,0.9,0.95,0.9583333333333331,0.9444444444444444,0.948849104859335,0.9898989898989898,0.0,1.941709041595459
GIN,GIN,,1,GIN h=64 L=3 d=0.75 lr=0.005,1.9773550033569336,0.0029971599578857,0.0030550956726074,0.8333333333333334,0.8376623376623377,0.825,0.8285714285714285,0.9125,0.95,0.9583333333333331,0.9444444444444444,0.948849104859335,0.9898989898989898,0.0,1.9773550033569336
GIN,GIN,,1,GIN h=64 L=4 d=0.0 lr=0.001,2.117694854736328,0.0034959316253662,0.0040631294250488,0.6111111111111112,0.6333333333333333,0.575,0.5418181818181818,0.875,0.75,0.84375,0.7222222222222222,0.7150997150997151,0.9696969696969696,0.0,2.117694854736328
GIN,GIN,,1,GIN h=64 L=4 d=0.0 lr=0.005,2.011766195297241,0.0037839412689208,0.0038042068481445,0.6111111111111112,0.7941176470588236,0.5625,0.4814814814814814,0.925,0.6,0.7894736842105263,0.5555555555555556,0.4666666666666667,1.0,0.0,2.011766195297241
GIN,GIN,,1,GIN h=64 L=4 d=0.2 lr=0.001,2.284242868423462,0.0028300285339355,0.0036821365356445,0.7777777777777778,0.7916666666666667,0.7625,0.7662337662337663,0.9375,0.95,0.9583333333333331,0.9444444444444444,0.948849104859335,1.0,0.0,2.284242868423462
GIN,GIN,,1,GIN h=64 L=4 d=0.2 lr=0.005,2.401226043701172,0.0032520294189453,0.0033488273620605,0.6111111111111112,0.6333333333333333,0.575,0.5418181818181818,0.8875000000000001,0.8,0.8666666666666667,0.7777777777777778,0.7802197802197802,1.0,0.0,2.401226043701172
GIN,GIN,,1,GIN h=64 L=4 d=0.75 lr=0.001,2.6963138580322266,0.0027430057525634,0.0043346881866455,0.7222222222222222,0.7222222222222222,0.725,0.7213622291021672,0.9125,0.95,0.95,0.9545454545454546,0.949874686716792,0.9898989898989898,0.0,2.6963138580322266
GIN,GIN,,1,GIN h=64 L=4 d=0.75 lr=0.005,2.4639060497283936,0.0043361186981201,0.0034499168395996,0.7777777777777778,0.8571428571428572,0.75,0.75,0.9,0.95,0.9583333333333331,0.9444444444444444,0.948849104859335,0.9898989898989898,0.0,2.4639060497283936
GCN,GCN,,2,GCN h=32 L=2 d=0.0 lr=0.001,0.8648710250854492,0.0027859210968017,0.0030410289764404,0.5,0.4333333333333333,0.4625,0.4109090909090909,0.7375,0.65,0.3611111111111111,0.4333333333333333,0.3939393939393939,0.6133333333333334,0.0,0.8648710250854492
GCN,GCN,,2,GCN h=32 L=2 d=0.0 lr=0.005,0.997278928756714,0.0019350051879882,0.0023190975189208,0.5,0.4333333333333333,0.4625,0.4109090909090909,0.7125,0.75,0.65625,0.6333333333333333,0.6415770609318996,0.6666666666666666,0.0,0.997278928756714
GCN,GCN,,2,GCN h=32 L=2 d=0.2 lr=0.001,0.9218389987945556,0.0017149448394775,0.0020580291748046,0.5,0.4333333333333333,0.4625,0.4109090909090909,0.725,0.7,0.5490196078431372,0.5333333333333333,0.53125,0.6266666666666667,0.0,0.9218389987945556
GCN,GCN,,2,GCN h=32 L=2 d=0.2 lr=0.005,0.9165308475494384,0.0016341209411621,0.0021231174468994,0.5555555555555556,0.53125,0.5125,0.4461538461538461,0.7125,0.8,0.7450980392156863,0.6666666666666667,0.6875,0.6933333333333334,0.0,0.9165308475494384
GCN,GCN,,2,GCN h=32 L=2 d=0.75 lr=0.001,0.9033846855163574,0.0016999244689941,0.0021960735321044,0.5555555555555556,0.2777777777777778,0.5,0.3571428571428571,0.675,0.75,0.375,0.5,0.4285714285714285,0.6133333333333333,0.0,0.9033846855163574
GCN,GCN,,2,GCN h=32 L=2 d=0.75 lr=0.005,0.9515187740325928,0.001706838607788,0.0019478797912597,0.5555555555555556,0.53125,0.5125,0.4461538461538461,0.7125,0.8,0.7450980392156863,0.6666666666666667,0.6875,0.6666666666666667,0.0,0.9515187740325928
GCN,GCN,,2,GCN h=32 L=3 d=0.0 lr=0.001,1.0211567878723145,0.001939058303833,0.0022909641265869,0.5,0.4333333333333333,0.4625,0.4109090909090909,0.725,0.75,0.65625,0.6333333333333333,0.6415770609318996,0.64,0.0,1.0211567878723145
GCN,GCN,,2,GCN h=32 L=3 d=0.0 lr=0.005,1.0340099334716797,0.0020720958709716,0.0023250579833984,0.6111111111111112,0.6076923076923078,0.5875,0.5785953177257526,0.725,0.75,0.65625,0.6333333333333333,0.6415770609318996,0.72,0.0,1.0340099334716797
GCN,GCN,,2,GCN h=32 L=3 d=0.2 lr=0.001,1.1301817893981934,0.0019810199737548,0.0023229122161865,0.5,0.4333333333333333,0.4625,0.4109090909090909,0.7000000000000001,0.75,0.65625,0.6333333333333333,0.6415770609318996,0.6666666666666666,0.0,1.1301817893981934
GCN,GCN,,2,GCN h=32 L=3 d=0.2 lr=0.005,1.1399250030517578,0.001986026763916,0.0023632049560546,0.5555555555555556,0.5357142857142857,0.525,0.5,0.725,0.8,0.7450980392156863,0.6666666666666667,0.6875,0.72,0.0,1.1399250030517578
GCN,GCN,,2,GCN h=32 L=3 d=0.75 lr=0.001,1.1199791431427002,0.0020992755889892,0.0024580955505371,0.5555555555555556,0.2777777777777778,0.5,0.3571428571428571,0.7000000000000001,0.75,0.375,0.5,0.4285714285714285,0.6266666666666667,0.0,1.1199791431427002
GCN,GCN,,2,GCN h=32 L=3 d=0.75 lr=0.005,1.255167007446289,0.0019168853759765,0.0026390552520751,0.6111111111111112,0.6076923076923078,0.5875,0.5785953177257526,0.7375,0.7,0.6000000000000001,0.6000000000000001,0.6000000000000001,0.72,0.0,1.255167007446289
GCN,GCN,,2,GCN h=32 L=4 d=0.0 lr=0.001,1.314051866531372,0.0027151107788085,0.0034077167510986,0.5,0.4333333333333333,0.4625,0.4109090909090909,0.7125,0.7,0.6000000000000001,0.6000000000000001,0.6000000000000001,0.6666666666666666,0.0,1.314051866531372
GCN,GCN,,2,GCN h=32 L=4 d=0.0 lr=0.005,1.211874008178711,0.0022661685943603,0.0026531219482421,0.6111111111111112,0.6076923076923078,0.5875,0.5785953177257526,0.725,0.7,0.6373626373626373,0.6666666666666666,0.6428571428571428,0.72,0.0,1.211874008178711
GCN,GCN,,2,GCN h=32 L=4 d=0.2 lr=0.001,1.357861042022705,0.0022461414337158,0.0028319358825683,0.5555555555555556,0.5357142857142857,0.525,0.5,0.725,0.75,0.65625,0.6333333333333333,0.6415770609318996,0.6799999999999999,0.0,1.357861042022705
GCN,GCN,,2,GCN h=32 L=4 d=0.2 lr=0.005,1.407201051712036,0.0024521350860595,0.0031681060791015,0.6666666666666666,0.6666666666666666,0.65,0.6493506493506493,0.7375,0.7,0.6767676767676767,0.7333333333333334,0.6703296703296704,0.72,0.0,1.407201051712036
GCN,GCN,,2,GCN h=32 L=4 d=0.75 lr=0.001,1.3650760650634766,0.0022511482238769,0.0027318000793457,0.5555555555555556,0.2777777777777778,0.5,0.3571428571428571,0.725,0.75,0.375,0.5,0.4285714285714285,0.64,0.0,1.3650760650634766
GCN,GCN,,2,GCN h=32 L=4 d=0.75 lr=0.005,1.3568201065063477,0.002249002456665,0.0027997493743896,0.6666666666666666,0.6666666666666666,0.65,0.6493506493506493,0.725,0.7,0.6767676767676767,0.7333333333333334,0.6703296703296704,0.7066666666666666,0.0,1.3568201065063477
GCN,GCN,,2,GCN h=64 L=2 d=0.0 lr=0.001,1.0760200023651123,0.002181053161621,0.002573013305664,0.5,0.4333333333333333,0.4625,0.4109090909090909,0.725,0.75,0.65625,0.6333333333333333,0.6415770609318996,0.6266666666666667,0.0,1.0760200023651123
GCN,GCN,,2,GCN h=64 L=2 d=0.0 lr=0.005,1.0894830226898191,0.0022151470184326,0.0024721622467041,0.5555555555555556,0.53125,0.5125,0.4461538461538461,0.7375,0.8,0.7450980392156863,0.6666666666666667,0.6875,0.72,0.0,1.0894830226898191
GCN,GCN,,2,GCN h=64 L=2 d=0.2 lr=0.001,1.266822099685669,0.0019850730895996,0.0023109912872314,0.5,0.4333333333333333,0.4625,0.4109090909090909,0.7125,0.75,0.65625,0.6333333333333333,0.6415770609318996,0.64,0.0,1.266822099685669
GCN,GCN,,2,GCN h=64 L=2 d=0.2 lr=0.005,1.225604772567749,0.0019841194152832,0.0022749900817871,0.5555555555555556,0.53125,0.5125,0.4461538461538461,0.7125,0.8,0.7450980392156863,0.6666666666666667,0.6875,0.72,0.0,1.225604772567749
GCN,GCN,,2,GCN h=64 L=2 d=0.75 lr=0.001,1.2220821380615234,0.0020999908447265,0.0020742416381835,0.5,0.4333333333333333,0.4625,0.4109090909090909,0.725,0.75,0.65625,0.6333333333333333,0.6415770609318996,0.64,0.0,1.2220821380615234
GCN,GCN,,2,GCN h=64 L=2 d=0.75 lr=0.005,1.2694320678710938,0.002181053161621,0.0026342868804931,0.5555555555555556,0.53125,0.5125,0.4461538461538461,0.7125,0.8,0.7450980392156863,0.6666666666666667,0.6875,0.7066666666666668,0.0,1.2694320678710938
GCN,GCN,,2,GCN h=64 L=3 d=0.0 lr=0.001,1.4472601413726809,0.0026960372924804,0.0024807453155517,0.5,0.4333333333333333,0.4625,0.4109090909090909,0.7125,0.75,0.65625,0.6333333333333333,0.6415770609318996,0.6799999999999999,0.0,1.4472601413726809
GCN,GCN,,2,GCN h=64 L=3 d=0.0 lr=0.005,1.4817752838134766,0.0033202171325683,0.0035171508789062,0.6111111111111112,0.6333333333333333,0.575,0.5418181818181818,0.725,0.8,0.7450980392156863,0.6666666666666667,0.6875,0.72,0.0,1.4817752838134766
GCN,GCN,,2,GCN h=64 L=3 d=0.2 lr=0.001,1.6864922046661377,0.0027201175689697,0.0028939247131347,0.5,0.4333333333333333,0.4625,0.4109090909090909,0.7125,0.75,0.65625,0.6333333333333333,0.6415770609318996,0.6666666666666666,0.0,1.6864922046661377
GCN,GCN,,2,GCN h=64 L=3 d=0.2 lr=0.005,1.744093894958496,0.0033419132232666,0.0036201477050781,0.6111111111111112,0.6076923076923078,0.5875,0.5785953177257526,0.7375,0.8,0.7450980392156863,0.6666666666666667,0.6875,0.7599999999999999,0.0,1.744093894958496
GCN,GCN,,2,GCN h=64 L=3 d=0.75 lr=0.001,1.6565191745758057,0.0029020309448242,0.0028102397918701,0.5,0.4333333333333333,0.4625,0.4109090909090909,0.7125,0.75,0.65625,0.6333333333333333,0.6415770609318996,0.6533333333333333,0.0,1.6565191745758057
GCN,GCN,,2,GCN h=64 L=3 d=0.75 lr=0.005,1.63649582862854,0.0026249885559082,0.0028378963470458,0.5,0.4333333333333333,0.4625,0.4109090909090909,0.725,0.75,0.65625,0.6333333333333333,0.6415770609318996,0.6933333333333332,0.0,1.63649582862854
GCN,GCN,,2,GCN h=64 L=4 d=0.0 lr=0.001,1.890819072723389,0.0030972957611083,0.0034518241882324,0.5,0.4333333333333333,0.4625,0.4109090909090909,0.7125,0.75,0.65625,0.6333333333333333,0.6415770609318996,0.6799999999999999,0.0,1.890819072723389
GCN,GCN,,2,GCN h=64 L=4 d=0.0 lr=0.005,1.691606044769287,0.0031261444091796,0.0029308795928955,0.6111111111111112,0.6076923076923078,0.5875,0.5785953177257526,0.7375,0.8,0.7450980392156863,0.6666666666666667,0.6875,0.76,0.0,1.691606044769287
GCN,GCN,,2,GCN h=64 L=4 d=0.2 lr=0.001,2.021623134613037,0.0027480125427246,0.0030610561370849,0.5555555555555556,0.5357142857142857,0.525,0.5,0.7125,0.75,0.65625,0.6333333333333333,0.6415770609318996,0.72,0.0,2.021623134613037
GCN,GCN,,2,GCN h=64 L=4 d=0.2 lr=0.005,2.011068820953369,0.0030839443206787,0.0039191246032714,0.6666666666666666,0.6964285714285714,0.6375,0.625,0.7375,0.75,0.65625,0.6333333333333333,0.6415770609318996,0.8,0.0,2.011068820953369
GCN,GCN,,2,GCN h=64 L=4 d=0.75 lr=0.001,1.985079050064087,0.0028281211853027,0.0030219554901123,0.5,0.4333333333333333,0.4625,0.4109090909090909,0.7125,0.75,0.65625,0.6333333333333333,0.6415770609318996,0.6799999999999999,0.0,1.985079050064087
GCN,GCN,,2,GCN h=64 L=4 d=0.75 lr=0.005,2.174275159835815,0.0030510425567626,0.0031952857971191,0.5,0.4333333333333333,0.4625,0.4109090909090909,0.7125,0.75,0.65625,0.6333333333333333,0.6415770609318996,0.7066666666666666,0.0,2.174275159835815
GIN,GIN,,2,GIN h=32 L=2 d=0.0 lr=0.001,1.0076789855957031,0.0024769306182861,0.0026228427886962,0.5,0.4333333333333333,0.4625,0.4109090909090909,0.8250000000000001,0.75,0.6785714285714286,0.7,0.6865203761755485,0.7466666666666666,0.0,1.0076789855957031
GIN,GIN,,2,GIN h=32 L=2 d=0.0 lr=0.005,1.063209056854248,0.0019838809967041,0.0018408298492431,0.7222222222222222,0.7207792207792207,0.7125,0.7142857142857142,0.8250000000000001,0.65,0.65,0.7,0.6266666666666667,0.8133333333333334,0.0,1.063209056854248
GIN,GIN,,2,GIN h=32 L=2 d=0.2 lr=0.001,1.0167341232299805,0.0015139579772949,0.0016381740570068,0.5555555555555556,0.5357142857142857,0.525,0.5,0.8250000000000001,0.75,0.6785714285714286,0.7,0.6865203761755485,0.7333333333333334,0.0,1.0167341232299805
GIN,GIN,,2,GIN h=32 L=2 d=0.2 lr=0.005,0.970365047454834,0.0015468597412109,0.0021748542785644,0.7222222222222222,0.7207792207792207,0.7125,0.7142857142857142,0.8250000000000001,0.65,0.65,0.7,0.6266666666666667,0.8,0.0,0.970365047454834
GIN,GIN,,2,GIN h=32 L=2 d=0.75 lr=0.001,0.953421115875244,0.0018019676208496,0.0022830963134765,0.7222222222222222,0.7207792207792207,0.7125,0.7142857142857142,0.8000000000000002,0.75,0.6785714285714286,0.7,0.6865203761755485,0.8,0.0,0.953421115875244
GIN,GIN,,2,GIN h=32 L=2 d=0.75 lr=0.005,1.0222060680389404,0.001788854598999,0.0022840499877929,0.7222222222222222,0.7207792207792207,0.7125,0.7142857142857142,0.8250000000000001,0.7,0.6767676767676767,0.7333333333333334,0.6703296703296704,0.8266666666666667,0.0,1.0222060680389404
GIN,GIN,,2,GIN h=32 L=3 d=0.0 lr=0.001,1.107295036315918,0.0017926692962646,0.001767873764038,0.7222222222222222,0.7207792207792207,0.7125,0.7142857142857142,0.8375000000000001,0.7,0.6767676767676767,0.7333333333333334,0.6703296703296704,0.8133333333333334,0.0,1.107295036315918
GIN,GIN,,2,GIN h=32 L=3 d=0.0 lr=0.005,1.1312992572784424,0.0021119117736816,0.0022881031036376,0.8333333333333334,0.8333333333333333,0.8375,0.8328173374613003,0.875,0.7,0.7272727272727273,0.8,0.6875,0.8666666666666666,0.0,1.1312992572784424
GIN,GIN,,2,GIN h=32 L=3 d=0.2 lr=0.001,1.2191009521484375,0.0021109580993652,0.0023777484893798,0.7222222222222222,0.7207792207792207,0.7125,0.7142857142857142,0.8375000000000001,0.65,0.65,0.7,0.6266666666666667,0.8133333333333334,0.0,1.2191009521484375
GIN,GIN,,2,GIN h=32 L=3 d=0.2 lr=0.005,1.2466139793395996,0.0016379356384277,0.0024659633636474,0.7222222222222222,0.7207792207792207,0.7125,0.7142857142857142,0.85,0.75,0.7083333333333333,0.7666666666666666,0.7150997150997151,0.84,0.0,1.2466139793395996
GIN,GIN,,2,GIN h=32 L=3 d=0.75 lr=0.001,1.215743064880371,0.0022661685943603,0.0021169185638427,0.7222222222222222,0.7207792207792207,0.7125,0.7142857142857142,0.8,0.6,0.6262626262626263,0.6666666666666667,0.5833333333333333,0.8266666666666667,0.0,1.215743064880371
GIN,GIN,,2,GIN h=32 L=3 d=0.75 lr=0.005,1.570807933807373,0.0020191669464111,0.0063040256500244,0.7222222222222222,0.7207792207792207,0.7125,0.7142857142857142,0.8250000000000001,0.7,0.6767676767676767,0.7333333333333334,0.6703296703296704,0.7866666666666667,0.0,1.570807933807373
GIN,GIN,,2,GIN h=32 L=4 d=0.0 lr=0.001,1.506232738494873,0.0022199153900146,0.002756118774414,0.7777777777777778,0.775,0.775,0.775,0.9,0.65,0.65,0.7,0.6266666666666667,0.84,0.0,1.506232738494873
GIN,GIN,,2,GIN h=32 L=4 d=0.0 lr=0.005,2.356255054473877,0.0040640830993652,0.0045430660247802,0.7777777777777778,0.775,0.775,0.775,0.9,0.7,0.7272727272727273,0.8,0.6875,0.88,0.0,2.356255054473877
GIN,GIN,,2,GIN h=32 L=4 d=0.2 lr=0.001,2.8054490089416504,0.0025398731231689,0.003345251083374,0.7777777777777778,0.775,0.775,0.775,0.875,0.65,0.65,0.7,0.6266666666666667,0.84,0.0,2.8054490089416504
GIN,GIN,,2,GIN h=32 L=4 d=0.2 lr=0.005,1.6974949836730957,0.0020558834075927,0.0027611255645751,0.6111111111111112,0.6076923076923078,0.5875,0.5785953177257526,0.875,0.75,0.6785714285714286,0.7,0.6865203761755485,0.7866666666666667,0.0,1.6974949836730957
GIN,GIN,,2,GIN h=32 L=4 d=0.75 lr=0.001,1.498342752456665,0.0023939609527587,0.0024759769439697,0.7222222222222222,0.7207792207792207,0.7125,0.7142857142857142,0.8250000000000001,0.7,0.6767676767676767,0.7333333333333334,0.6703296703296704,0.8133333333333334,0.0,1.498342752456665
GIN,GIN,,2,GIN h=32 L=4 d=0.75 lr=0.005,1.730659246444702,0.0029489994049072,0.0055353641510009,0.7222222222222222,0.7207792207792207,0.7125,0.7142857142857142,0.8375000000000001,0.7,0.6767676767676767,0.7333333333333334,0.6703296703296704,0.7466666666666668,0.0,1.730659246444702
GIN,GIN,,2,GIN h=64 L=2 d=0.0 lr=0.001,1.1678988933563232,0.0022618770599365,0.0023088455200195,0.5,0.4333333333333333,0.4625,0.4109090909090909,0.8250000000000001,0.75,0.6785714285714286,0.7,0.6865203761755485,0.7733333333333333,0.0,1.1678988933563232
GIN,GIN,,2,GIN h=64 L=2 d=0.0 lr=0.005,1.1317250728607178,0.0022401809692382,0.0030901432037353,0.7777777777777778,0.775,0.775,0.775,0.85,0.65,0.65,0.7,0.6266666666666667,0.8,0.0,1.1317250728607178
GIN,GIN,,2,GIN h=64 L=2 d=0.2 lr=0.001,1.3659939765930176,0.0020601749420166,0.0022201538085937,0.6666666666666666,0.6666666666666666,0.65,0.6493506493506493,0.8250000000000001,0.75,0.6785714285714286,0.7,0.6865203761755485,0.8133333333333334,0.0,1.3659939765930176
GIN,GIN,,2,GIN h=64 L=2 d=0.2 lr=0.005,1.4024620056152344,0.0019440650939941,0.0028390884399414,0.6666666666666666,0.6666666666666666,0.65,0.6493506493506493,0.85,0.8,0.7472527472527473,0.8,0.7619047619047619,0.8,0.0,1.4024620056152344
GIN,GIN,,2,GIN h=64 L=2 d=0.75 lr=0.001,1.3411681652069092,0.0019192695617675,0.0027320384979248,0.5555555555555556,0.5357142857142857,0.525,0.5,0.7875,0.75,0.6785714285714286,0.7,0.6865203761755485,0.76,0.0,1.3411681652069092
GIN,GIN,,2,GIN h=64 L=2 d=0.75 lr=0.005,1.3218560218811035,0.0022032260894775,0.0022299289703369,0.7222222222222222,0.7207792207792207,0.7125,0.7142857142857142,0.8250000000000001,0.75,0.7083333333333333,0.7666666666666666,0.7150997150997151,0.84,0.0,1.3218560218811035
GIN,GIN,,2,GIN h=64 L=3 d=0.0 lr=0.001,1.6100428104400637,0.0026118755340576,0.0028538703918457,0.6666666666666666,0.6666666666666666,0.65,0.6493506493506493,0.8250000000000001,0.75,0.6785714285714286,0.7,0.6865203761755485,0.8,0.0,1.6100428104400637
GIN,GIN,,2,GIN h=64 L=3 d=0.0 lr=0.005,1.5336968898773191,0.0023961067199707,0.0033302307128906,0.6666666666666666,0.6666666666666666,0.65,0.6493506493506493,0.875,0.8,0.7472527472527473,0.8,0.7619047619047619,0.8,0.0,1.5336968898773191
GIN,GIN,,2,GIN h=64 L=3 d=0.2 lr=0.001,1.8270158767700195,0.0038809776306152,0.0027368068695068,0.7222222222222222,0.7207792207792207,0.7125,0.7142857142857142,0.85,0.8,0.7472527472527473,0.8,0.7619047619047619,0.8,0.0,1.8270158767700195
GIN,GIN,,2,GIN h=64 L=3 d=0.2 lr=0.005,1.8373208045959473,0.003645896911621,0.0031452178955078,0.7777777777777778,0.775,0.775,0.775,0.8625,0.7,0.6767676767676767,0.7333333333333334,0.6703296703296704,0.84,0.0,1.8373208045959473
GIN,GIN,,2,GIN h=64 L=3 d=0.75 lr=0.001,1.82484769821167,0.0023632049560546,0.0033247470855712,0.7222222222222222,0.7207792207792207,0.7125,0.7142857142857142,0.8250000000000001,0.65,0.65,0.7,0.6266666666666667,0.8266666666666667,0.0,1.82484769821167
GIN,GIN,,2,GIN h=64 L=3 d=0.75 lr=0.005,1.8477916717529297,0.0028679370880126,0.0031392574310302,0.7222222222222222,0.7207792207792207,0.7125,0.7142857142857142,0.8250000000000001,0.7,0.6767676767676767,0.7333333333333334,0.6703296703296704,0.7866666666666667,0.0,1.8477916717529297
GIN,GIN,,2,GIN h=64 L=4 d=0.0 lr=0.001,1.966213941574097,0.0036869049072265,0.0034937858581542,0.7777777777777778,0.775,0.775,0.775,0.9,0.65,0.65,0.7,0.6266666666666667,0.8,0.0,1.966213941574097
GIN,GIN,,2,GIN h=64 L=4 d=0.0 lr=0.005,2.113532066345215,0.0033459663391113,0.0037057399749755,0.7777777777777778,0.7916666666666667,0.7625,0.7662337662337663,0.925,0.85,0.8125,0.7666666666666666,0.7849462365591398,0.9066666666666666,0.0,2.113532066345215
GIN,GIN,,2,GIN h=64 L=4 d=0.2 lr=0.001,2.2664811611175537,0.004490852355957,0.0035579204559326,0.7777777777777778,0.775,0.775,0.775,0.9,0.7,0.7272727272727273,0.8,0.6875,0.8266666666666667,0.0,2.2664811611175537
GIN,GIN,,2,GIN h=64 L=4 d=0.2 lr=0.005,2.2866859436035156,0.0029950141906738,0.003005027770996,0.8888888888888888,0.9,0.9,0.8888888888888888,0.9,0.7,0.7272727272727273,0.8,0.6875,0.92,0.0,2.2866859436035156
GIN,GIN,,2,GIN h=64 L=4 d=0.75 lr=0.001,2.268306016921997,0.0029797554016113,0.0038268566131591,0.7777777777777778,0.775,0.775,0.775,0.9125,0.65,0.7083333333333334,0.7666666666666666,0.6419437340153453,0.7866666666666666,0.0,2.268306016921997
GIN,GIN,,2,GIN h=64 L=4 d=0.75 lr=0.005,2.3043999671936035,0.0035750865936279,0.003364086151123,0.7777777777777778,0.775,0.775,0.775,0.875,0.65,0.65,0.7,0.6266666666666667,0.8133333333333334,0.0,2.3043999671936035
