family,approach,config_label,train_time_sec_mean,train_time_sec_std,val_inference_time_sec_mean,val_inference_time_sec_std,test_inference_time_sec_mean,test_inference_time_sec_std,preprocess_time_sec_mean,preprocess_time_sec_std,total_pipeline_time_sec_mean,total_pipeline_time_sec_std,val_accuracy_mean,val_accuracy_std,val_precision_mean,val_precision_std,val_recall_mean,val_recall_std,val_f1_mean,val_f1_std,val_auc_mean,val_auc_std,test_accuracy_mean,test_accuracy_std,test_precision_mean,test_precision_std,test_recall_mean,test_recall_std,test_f1_mean,test_f1_std,test_auc_mean,test_auc_std
Classic,LinearSVM,LinearSVM support=0.10,0.1400701999664306,0.008662353120874192,0.00022717316945388335,3.316415861675875e-05,0.00010804335276279999,1.4842904973111007e-05,1423.9630187352498,33.15375210892478,1424.1030889352162,33.157351196857206,0.851851851851852,0.04536092116265143,0.843073593073593,0.05793531740316004,0.8349358974358974,0.057010933585791,0.8357052464792402,0.05652549249446549,0.932051282051282,0.04893717543993979,0.8833333333333333,0.07527726527090808,0.8673301235801235,0.10539476646745304,0.867192760942761,0.09161142896558976,0.8633618696118696,0.09890414820535341,0.9137352693602695,0.08058888136875324
Classic,LinearSVM,LinearSVM support=0.20,0.13215072949727372,0.012262812027394609,0.0002987782160440667,0.00015189717966277534,0.00010859966278075051,3.4729576038011316e-05,790.8810617129008,68.48976240197685,791.0132124423981,68.49782152875396,0.8611111111111112,0.07657804862272348,0.8695859695859696,0.08218739346838591,0.8415064102564102,0.08737716794058706,0.8473106804628543,0.0846050225217355,0.9621794871794872,0.027066354107172074,0.8250000000000001,0.13322912594474223,0.821802503052503,0.14618256215559042,0.825462962962963,0.13811357674864747,0.8064036257386641,0.15146483323684806,0.9268055555555555,0.06567434212051895
Classic,LinearSVM,LinearSVM support=0.30,0.11901032924652094,0.010756661529093672,0.00018358230590816667,4.248937494289089e-06,8.400281270345052e-05,2.3586173758887677e-06,254.26908604303995,22.290247652127395,254.38809637228647,22.29047711957273,0.8518518518518517,0.12989391049444582,0.8597666222666223,0.12474974129500141,0.8458333333333333,0.13889444433333784,0.8447341708211273,0.13753772664132152,0.93125,0.05889609494694872,0.875,0.0689202437604511,0.8592853905353905,0.08663011983393062,0.8862373737373738,0.06804053825054543,0.8640098700201002,0.08005678617010073,0.9348632154882154,0.038611729137910285
Classic,LinearSVM,LinearSVM support=0.40,0.11429166793823241,0.006006492030747537,0.00020603338877355,2.1535634648274153e-05,0.00010879834493000052,5.699763357346024e-05,76.82379722595215,1.5515793870026402,76.93808889389038,1.5525263146569632,0.7592592592592592,0.15180667801421624,0.7714452214452215,0.1623574034463244,0.7333333333333334,0.13662601021279472,0.7416408604814402,0.1494545374630445,0.8564102564102564,0.1089562107814424,0.8166666666666668,0.07527726527090815,0.7926598864098864,0.10712484150623446,0.8029040404040404,0.09516383233237984,0.7946682269594344,0.10363386834150753,0.8940340909090909,0.07745518736511675
Classic,RBFSVM,RBFSVM support=0.10,0.02256786823272698,0.002303520852265987,0.0009886423746744333,0.00017850147073748303,0.0009495019912719167,0.00012353623648374339,1423.9630187352498,33.15375210892478,1423.9855866034825,33.15414397804272,0.7129629629629629,0.18059116457977625,0.6862122626828508,0.2818863918905144,0.6604166666666668,0.19596183727110406,0.6279004329004328,0.2345207220663891,0.9041666666666667,0.0875595035770913,0.8333333333333334,0.08755950357709132,0.8370946455505278,0.07660152828204196,0.825462962962963,0.09508226890478742,0.80988939443995,0.10681234958082331,0.9640972222222222,0.030623629976914344
Classic,RBFSVM,RBFSVM support=0.20,0.013807137807210233,0.007414680916155233,0.00121128559112545,0.0015719071678701865,0.0007441043853759167,0.0004910208264906595,790.8810617129008,68.48976240197685,790.894868850708,68.49448948319458,0.7222222222222222,0.19876159799998128,0.6848799348799348,0.2917773294444272,0.6833333333333332,0.20488818088573746,0.6559888300105692,0.251452692451814,0.8937499999999999,0.09031195934094223,0.8333333333333334,0.07527726527090813,0.8396129605688429,0.055644960217727205,0.8217592592592592,0.08294663364430054,0.8093880098190444,0.09254297185104114,0.9658333333333333,0.028504690159886204
Classic,RBFSVM,RBFSVM support=0.30,0.006834983825683534,0.0005021895827535283,0.00040022532145176666,3.923146144767233e-05,0.00034193197886145,3.33858947505456e-05,254.26908604303995,22.290247652127395,254.27592102686563,22.29036218617248,0.7129629629629629,0.15482633308206278,0.7595511922717805,0.1994008102524056,0.6541666666666667,0.15138251770487457,0.641674286529359,0.1759303560838242,0.8937499999999999,0.09031195934094223,0.85,0.044721359549995794,0.846802503052503,0.05593727439357133,0.8402777777777778,0.04521894610027693,0.8322817827128172,0.05058560099102492,0.9658333333333333,0.028313718700775887
Classic,RBFSVM,RBFSVM support=0.40,0.0049177805582681835,0.0004984821685340599,0.00034848848978675005,2.9354610814517947e-05,0.0003258387247720834,3.196931485022894e-05,76.82379722595215,1.5515793870026402,76.82871500651042,1.5515429290042169,0.7314814814814815,0.12381121963293908,0.7788964303670186,0.16446727354205554,0.6687500000000001,0.11173349990043271,0.6696468386685778,0.12931490298130724,0.8591346153846154,0.10100365421944135,0.8833333333333333,0.02581988897471613,0.8721764346764348,0.05902308883240879,0.8726851851851851,0.030639615014396795,0.8678596307906652,0.043336673631805364,0.9406102693602693,0.0316842465929314
Classic,RandomForest,RandomForest support=0.10,0.1495547691980997,0.050017657286623975,0.018875201543172144,0.006362005674601811,0.017029921213785774,0.0057889436070633305,1423.9630187352498,31.610862328981945,1424.112573504448,31.611245795199732,0.8333333333333334,0.09475587393582682,0.865018315018315,0.09413109553371529,0.8041666666666667,0.08550208220041232,0.8147735249184525,0.09682322307027236,0.9322916666666666,0.015790155044336646,0.8166666666666668,0.024618298195866504,0.815826330532213,0.06317640241579096,0.7569444444444443,0.07180336973794399,0.7692399267399268,0.06552989816913855,0.9333333333333332,0.05146113199357946
Classic,RandomForest,RandomForest support=0.20,0.1454936067263285,0.04704046864939629,0.01838084061940505,0.006307123787870393,0.018125255902608207,0.005596420385434152,790.8810617129008,65.30242619660433,791.0265553196272,65.30426351986566,0.8518518518518517,0.07237099414210324,0.8801892551892552,0.07367756222647383,0.8250000000000001,0.05935256753273006,0.8371858951569097,0.0693486766254823,0.9391426282051283,0.03420592272051345,0.775,0.14061552998416382,0.7592338217338218,0.1803884385309882,0.7402777777777777,0.16585238795491586,0.7421235077085461,0.17298808477158623,0.9051215277777778,0.0857123236028705
Classic,RandomForest,RandomForest support=0.30,0.15750384330749506,0.05048376619762816,0.02093986670176184,0.012837429715684408,0.019238869349161716,0.006390704488413762,254.26908604303995,21.252917241322873,254.42658988634744,21.265047830062418,0.8518518518518517,0.07237099414210328,0.8645382395382396,0.07623442065084675,0.8291666666666666,0.05871089930302297,0.8402437069103735,0.0686364760061847,0.9057291666666667,0.07305519849069711,0.7791666666666667,0.13561029280682024,0.765625,0.1726220873520375,0.748611111111111,0.15677283457619504,0.7485676808193859,0.1653895649513996,0.8916666666666666,0.08619265953711373
Classic,RandomForest,RandomForest support=0.40,0.14193256696065265,0.045188429221091723,0.01743068297704054,0.005618081792516387,0.01803469657897944,0.006121779454199601,76.82379722595215,1.4793728997516262,76.9657297929128,1.479657575963933,0.8055555555555555,0.10984122813601792,0.8165584415584416,0.11795769537706993,0.78125,0.09616214999109107,0.7913259579926247,0.10752228210868021,0.8622596153846155,0.06853357297949823,0.7583333333333333,0.12216481663818934,0.7378582066082067,0.15856588273661715,0.7251262626262626,0.14891894934850586,0.7255993036044187,0.15497668054336491,0.8708538510101009,0.07785613932191174
GCN,GCN,GCN h=32 L=2 d=0.0 lr=0.001,0.9979015986124674,0.11785323131225453,0.003469467163085867,0.0011957249861343619,0.0035069783528645336,0.0005716811375336457,0.0,0.0,0.9979015986124674,0.11785323131225453,0.6481481481481481,0.13981174880131017,0.7093954248366012,0.2416145010582351,0.5625,0.0875,0.5318414918414919,0.10501264587700553,0.764423076923077,0.05779638048903346,0.6666666666666666,0.028867513459481298,0.6284722222222222,0.23557434902754817,0.5634259259259259,0.11399328999817951,0.5326416878141016,0.1268804020388329,0.7957744107744108,0.15845327029374398
GCN,GCN,GCN h=32 L=2 d=0.0 lr=0.005,0.9799883365631104,0.08188191035888874,0.0018274784088134332,9.475541430079106e-05,0.0021437009175617667,0.0001552458936148422,0.0,0.0,0.9799883365631104,0.08188191035888874,0.6666666666666666,0.16666666666666669,0.717361111111111,0.2504018760653303,0.5958333333333333,0.12140668570277885,0.5765048744359089,0.16169315882021615,0.7474358974358974,0.13094704163146098,0.7333333333333334,0.028867513459481322,0.7301587301587302,0.09985034034364756,0.674074074074074,0.04490502093697089,0.6756688154537617,0.03705097869101614,0.8067129629629629,0.1218909916172995
GCN,GCN,GCN h=32 L=2 d=0.2 lr=0.001,0.9416175683339437,0.05024480295067057,0.0020944277445475,0.00034415491346920555,0.0021034081776936334,0.00011213541650170363,0.0,0.0,0.9416175683339437,0.05024480295067057,0.6296296296296297,0.17858612520357323,0.5391203703703703,0.327318661903108,0.5541666666666667,0.12767961205037134,0.500680698611733,0.20383247110774386,0.7602564102564102,0.06106589385659497,0.7000000000000001,0.1,0.7160057005258244,0.14496126463073794,0.6199074074074074,0.13117710595821208,0.592712148962149,0.16556595535011712,0.7933796296296296,0.14488822941368892
GCN,GCN,GCN h=32 L=2 d=0.2 lr=0.005,0.9355529944101969,0.03796268060734834,0.0017663637797037668,0.00011452665031704805,0.002075433731079067,4.804533688634063e-05,0.0,0.0,0.9355529944101969,0.03796268060734834,0.7037037037037037,0.13981174880131017,0.7569444444444443,0.1988283097530612,0.6333333333333333,0.10483121354507605,0.61762375555479,0.15162365362141567,0.7474358974358974,0.13094704163146098,0.7666666666666666,0.028867513459481298,0.7768687603246427,0.05794491976997319,0.7060185185185186,0.0342561309883072,0.7119776828110161,0.02307561321655117,0.8223358585858587,0.11391430865391937
GCN,GCN,GCN h=32 L=2 d=0.75 lr=0.001,0.9055801232655843,0.006337848286147508,0.0018006960550943666,0.00012459836454207973,0.0021007061004638,0.00010255463702201678,0.0,0.0,0.9055801232655843,0.006337848286147508,0.6111111111111112,0.09622504486493756,0.3055555555555556,0.04811252243246878,0.5,0.0,0.37788018433179715,0.03591810430442373,0.7384615384615385,0.07115384615384612,0.6333333333333333,0.10408329997330665,0.31666666666666665,0.052041649986653324,0.5,0.0,0.386136712749616,0.03810706282339713,0.7991414141414142,0.16181480059267722
GCN,GCN,GCN h=32 L=2 d=0.75 lr=0.005,0.9242822329203287,0.023996627018820788,0.0017589728037515665,4.7015232995579945e-05,0.0019673506418863332,3.1078969112420924e-05,0.0,0.0,0.9242822329203287,0.023996627018820788,0.7037037037037037,0.13981174880131017,0.7569444444444443,0.1988283097530612,0.6333333333333333,0.10483121354507605,0.61762375555479,0.15162365362141567,0.771474358974359,0.09153489273370673,0.7666666666666666,0.028867513459481298,0.785171568627451,0.051864013430134026,0.6990740740740741,0.028912027770362888,0.7058998100664767,0.015934702942377504,0.8201809764309763,0.13682768517051971
GCN,GCN,GCN h=32 L=3 d=0.0 lr=0.001,1.0368579228719075,0.0354250878303932,0.0020728111267089666,0.00011975568482674777,0.002350250879923467,6.396390281815094e-05,0.0,0.0,1.0368579228719075,0.0354250878303932,0.6851851851851851,0.16972502573910522,0.7243055555555555,0.25461310973347023,0.6166666666666667,0.13365845776954532,0.6058755038065383,0.17160189854312385,0.7807692307692308,0.0965951411913412,0.7333333333333334,0.028867513459481322,0.7301587301587302,0.09985034034364756,0.674074074074074,0.04490502093697089,0.6756688154537617,0.03705097869101614,0.8113973063973065,0.15007001336261472
GCN,GCN,GCN h=32 L=3 d=0.0 lr=0.005,1.03793732325236,0.013538172384485774,0.0021077791849771666,5.163418421181901e-05,0.0023896694183349002,5.6047639169749104e-05,0.0,0.0,1.03793732325236,0.013538172384485774,0.7407407407407408,0.13981174880131017,0.7914529914529914,0.16681124564053076,0.6916666666666668,0.10631125685144227,0.6968694349129132,0.1320113772024815,0.7557692307692307,0.12404964171438569,0.75,0.050000000000000044,0.737797619047619,0.11290828846594211,0.6925925925925926,0.07563176983948941,0.6973755038271167,0.07317143387322139,0.8312247474747475,0.09886070712406474
GCN,GCN,GCN h=32 L=3 d=0.2 lr=0.001,1.120721975962321,0.008194157991460475,0.0020519892374673667,6.36556770278976e-05,0.002332607905069967,3.1651656541312567e-05,0.0,0.0,1.120721975962321,0.008194157991460475,0.6851851851851851,0.16972502573910522,0.7243055555555555,0.25461310973347023,0.6166666666666667,0.13365845776954532,0.6058755038065383,0.17160189854312385,0.7519230769230769,0.06941748326069239,0.75,0.050000000000000044,0.7631010737628384,0.0928003404990316,0.6902777777777778,0.07172639629819644,0.6882179946696075,0.07967845418147118,0.820391414141414,0.13365474525141866
GCN,GCN,GCN h=32 L=3 d=0.2 lr=0.005,1.1289692719777424,0.012054915948769169,0.0020724137624104333,7.900485680787993e-05,0.0023993651072183667,4.2984385937919535e-05,0.0,0.0,1.1289692719777424,0.012054915948769169,0.7037037037037037,0.13981174880131017,0.7584325396825397,0.19629512362115673,0.6375000000000001,0.09762812094883314,0.635572473503508,0.12133922137514168,0.7599358974358975,0.11882037518113386,0.7666666666666666,0.05773502691896262,0.7674136321195144,0.09019013382872726,0.7037037037037037,0.06415002990995838,0.7126831501831502,0.059115161784227786,0.8312247474747475,0.09886070712406475
GCN,GCN,GCN h=32 L=3 d=0.75 lr=0.001,1.1193826993306477,0.00924374555160631,0.0021017392476399,2.9426429401160904e-06,0.0023495356241861665,0.00010315023068407441,0.0,0.0,1.1193826993306477,0.00924374555160631,0.6111111111111112,0.09622504486493756,0.3055555555555556,0.04811252243246878,0.5,0.0,0.37788018433179715,0.03591810430442373,0.7519230769230769,0.06941748326069239,0.6333333333333333,0.10408329997330665,0.31666666666666665,0.052041649986653324,0.5,0.0,0.386136712749616,0.03810706282339713,0.8035858585858587,0.15416175878818345
GCN,GCN,GCN h=32 L=3 d=0.75 lr=0.005,1.1726773579915364,0.07329832001388759,0.002065976460774667,0.00013909641773050203,0.002386411031087167,0.0002198113706483874,0.0,0.0,1.1726773579915364,0.07329832001388759,0.7222222222222223,0.11111111111111109,0.7824252136752138,0.1556531445052355,0.6583333333333333,0.061661035778953065,0.6617709127454255,0.07827464257464604,0.7849358974358975,0.09319650878918741,0.7833333333333333,0.07637626158259735,0.7674603174603174,0.1508917809360199,0.7347222222222222,0.12078543111803818,0.7400732600732601,0.12493521244991826,0.8447979797979798,0.11277210062293919
GCN,GCN,GCN h=32 L=4 d=0.0 lr=0.001,1.256803035736084,0.056423314136217866,0.0026237169901529,0.00021312918548812177,0.0030821959177652664,0.0003629747539455718,0.0,0.0,1.256803035736084,0.056423314136217866,0.6851851851851851,0.16972502573910522,0.7243055555555555,0.25461310973347023,0.6166666666666667,0.13365845776954532,0.6058755038065383,0.17160189854312385,0.7362179487179487,0.10020473371441657,0.7666666666666666,0.057735026918962644,0.7587301587301587,0.14040218658727605,0.7162037037037038,0.10069524265328582,0.7201465201465203,0.10404993862318523,0.8035563973063974,0.11930662945339958
GCN,GCN,GCN h=32 L=4 d=0.0 lr=0.005,1.2374354203542073,0.06895774734421824,0.0024911562601724665,0.00019554834504453752,0.0025846163431802664,7.185080548429508e-05,0.0,0.0,1.2374354203542073,0.06895774734421824,0.7222222222222222,0.14698618394803273,0.784508547008547,0.16461518907914996,0.6708333333333334,0.11342214657346836,0.6674988055422838,0.14880227422004239,0.7516025641025642,0.12947012136943487,0.7333333333333334,0.05773502691896262,0.7315018315018316,0.12003087886014731,0.7037037037037037,0.0641500299099584,0.6978021978021979,0.07268547557869756,0.8312247474747475,0.09886070712406475
GCN,GCN,GCN h=32 L=4 d=0.2 lr=0.001,1.342017412185669,0.0137249903827256,0.002377748489379833,0.00011406503977830333,0.0027856826782226003,8.094021071472512e-05,0.0,0.0,1.342017412185669,0.0137249903827256,0.6851851851851851,0.1398117488013102,0.7127976190476191,0.18580941359433897,0.6208333333333332,0.08868248605746983,0.6196633825944171,0.11708632255266678,0.771474358974359,0.09153489273370671,0.7833333333333333,0.028867513459481298,0.7774801587301589,0.10880666372018241,0.7273148148148149,0.08146438162320412,0.7340055404571534,0.08004541130203961,0.8279924242424243,0.1335120778044109
GCN,GCN,GCN h=32 L=4 d=0.2 lr=0.005,1.4466222127278645,0.08278881796581392,0.0026603539784749003,0.0002902592554406306,0.0031019846598306666,0.00045565410475525736,0.0,0.0,1.4466222127278645,0.08278881796581392,0.7407407407407408,0.1283000598199168,0.7654761904761904,0.14612822468601547,0.6958333333333333,0.09042722672587797,0.7045454545454546,0.11732195756593936,0.7807692307692308,0.09740057136267297,0.75,0.08660254037844388,0.7533670033670034,0.12099630200240856,0.7444444444444445,0.08388704928078602,0.726886446886447,0.0979592105086574,0.8378535353535354,0.11060295588557972
GCN,GCN,GCN h=32 L=4 d=0.75 lr=0.001,1.3934701283772786,0.054889202728062636,0.0024190743764241,0.00014544243352265502,0.0027701854705810334,3.8995106076854035e-05,0.0,0.0,1.3934701283772786,0.054889202728062636,0.6111111111111112,0.09622504486493756,0.3055555555555556,0.04811252243246878,0.5,0.0,0.37788018433179715,0.03591810430442373,0.764423076923077,0.05779638048903349,0.6333333333333333,0.10408329997330665,0.31666666666666665,0.052041649986653324,0.5,0.0,0.386136712749616,0.03810706282339713,0.8014015151515151,0.13981710205511008
GCN,GCN,GCN h=32 L=4 d=0.75 lr=0.005,1.4327987829844158,0.1292867170379792,0.0030967394510904335,0.0012694097086755072,0.0035280386606852,0.0013343533093088072,0.0,0.0,1.4327987829844158,0.1292867170379792,0.7407407407407408,0.1283000598199168,0.7654761904761904,0.14612822468601547,0.6958333333333333,0.09042722672587797,0.7045454545454546,0.11732195756593936,0.7807692307692308,0.0965951411913412,0.7833333333333333,0.07637626158259735,0.793049543049543,0.10898263820722312,0.7791666666666667,0.05051814855409221,0.7635164835164835,0.08605960308517792,0.8402483164983163,0.12322961705127364
GCN,GCN,GCN h=64 L=2 d=0.0 lr=0.001,1.086826006571452,0.00983780588614452,0.0020739237467447334,0.0001625842237228279,0.0023722648620604666,0.00023100373545401935,0.0,0.0,1.086826006571452,0.00983780588614452,0.6851851851851851,0.16972502573910522,0.7243055555555555,0.25461310973347023,0.6166666666666667,0.13365845776954532,0.6058755038065383,0.17160189854312385,0.771474358974359,0.09153489273370671,0.75,0.0,0.7555555555555555,0.09424253335194567,0.6879629629629629,0.04781759753213092,0.6905921637104434,0.04244832417532407,0.7968518518518519,0.14754820653274237
GCN,GCN,GCN h=64 L=2 d=0.0 lr=0.005,1.091241121292114,0.009692128772054004,0.002117474873860633,0.00011335351354918733,0.002420028050740533,0.00021088353562450865,0.0,0.0,1.091241121292114,0.009692128772054004,0.6851851851851851,0.1398117488013102,0.75,0.19515618744994995,0.6124999999999999,0.09437293044088436,0.5882531261841607,0.14395262764782854,0.7650641025641026,0.13103879644429733,0.75,0.050000000000000044,0.7597747432306257,0.0776837782425769,0.6851851851851852,0.03207501495497917,0.6909764618097952,0.022586579360633085,0.8345917508417507,0.1029270442260054
GCN,GCN,GCN h=64 L=2 d=0.2 lr=0.001,1.244605302810669,0.021150630776700492,0.0019407272338866667,4.677563506116757e-05,0.0022559165954589336,5.403377205921605e-05,0.0,0.0,1.244605302810669,0.021150630776700492,0.6851851851851851,0.16972502573910522,0.7243055555555555,0.25461310973347023,0.6166666666666667,0.13365845776954532,0.6058755038065383,0.17160189854312385,0.7519230769230769,0.06828277222146534,0.7666666666666666,0.028867513459481322,0.7698412698412698,0.09985034034364759,0.7087962962962963,0.06972627994684881,0.7122988520837983,0.06936378398061897,0.8012962962962963,0.13985920315738584
GCN,GCN,GCN h=64 L=2 d=0.2 lr=0.005,1.212056080500285,0.014247277035193547,0.0019559065500895,6.674116373406056e-05,0.002220471700032533,9.816863883750996e-05,0.0,0.0,1.212056080500285,0.014247277035193547,0.6851851851851851,0.1398117488013102,0.75,0.19515618744994995,0.6124999999999999,0.09437293044088436,0.5882531261841607,0.14395262764782854,0.7516025641025642,0.12579750525116218,0.7666666666666666,0.05773502691896262,0.7674136321195144,0.09019013382872726,0.7037037037037037,0.06415002990995838,0.7126831501831502,0.059115161784227786,0.8277525252525253,0.0972734451183431
GCN,GCN,GCN h=64 L=2 d=0.75 lr=0.001,1.2551282246907551,0.04054647090678252,0.0021611849466959335,7.489999761028338e-05,0.002343734105428,0.00023341292542393893,0.0,0.0,1.2551282246907551,0.04054647090678252,0.6111111111111112,0.11111111111111115,0.5295206971677561,0.23197558441444027,0.5083333333333333,0.05051814855409223,0.43724847036674985,0.03853896882617319,0.7602564102564102,0.06106589385659497,0.6666666666666666,0.07637626158259736,0.7538377192982456,0.08553158721946354,0.5837962962962963,0.04304061867546838,0.535483870967742,0.09322304348105433,0.8080303030303031,0.14651342796140826
GCN,GCN,GCN h=64 L=2 d=0.75 lr=0.005,1.2361644903818767,0.031138168538384442,0.0020163059234618334,0.0001427064159209451,0.0023361047108967667,0.000261973129746916,0.0,0.0,1.2361644903818767,0.031138168538384442,0.7037037037037037,0.13981174880131017,0.7569444444444443,0.1988283097530612,0.6333333333333333,0.10483121354507605,0.61762375555479,0.15162365362141567,0.7682692307692308,0.10760212570215014,0.7666666666666666,0.05773502691896262,0.7674136321195144,0.09019013382872726,0.7037037037037037,0.06415002990995838,0.7126831501831502,0.059115161784227786,0.8368813131313132,0.11881097302111215
GCN,GCN,GCN h=64 L=3 d=0.0 lr=0.001,1.4225194454193115,0.06122164553891401,0.0025750001271564998,0.00016207840438029803,0.0024582544962564665,6.759758883530972e-05,0.0,0.0,1.4225194454193115,0.06122164553891401,0.6851851851851851,0.16972502573910522,0.7243055555555555,0.25461310973347023,0.6166666666666667,0.13365845776954532,0.6058755038065383,0.17160189854312385,0.7557692307692307,0.12085968562538735,0.7666666666666666,0.028867513459481322,0.7548916361416361,0.10582134916357903,0.713425925925926,0.0734974664326361,0.7183767248283378,0.07052110326961211,0.8145244107744108,0.1177648749021613
GCN,GCN,GCN h=64 L=3 d=0.0 lr=0.005,1.4251277446746826,0.04955723482010858,0.0029023488362629663,0.00036436446269638993,0.003116289774576767,0.0003754741662392423,0.0,0.0,1.4251277446746826,0.04955723482010858,0.6851851851851852,0.12830005981991685,0.6900793650793652,0.09828701011204347,0.6371794871794871,0.10769803098344943,0.6204713804713804,0.13623133624514805,0.7496794871794871,0.10178843307803336,0.7666666666666666,0.05773502691896262,0.7674136321195144,0.09019013382872726,0.7037037037037037,0.06415002990995838,0.7126831501831502,0.059115161784227786,0.8313299663299664,0.09715786054488836
GCN,GCN,GCN h=64 L=3 d=0.2 lr=0.001,1.6389466921488445,0.041429994715293406,0.0025080839792887,0.0002384459161980714,0.0027142365773518335,0.00016702584248045273,0.0,0.0,1.6389466921488445,0.041429994715293406,0.6851851851851851,0.16972502573910522,0.7243055555555555,0.25461310973347023,0.6166666666666667,0.13365845776954532,0.6058755038065383,0.17160189854312385,0.7766025641025642,0.10039830685685819,0.75,0.0,0.7472527472527473,0.09387068068876386,0.6949074074074074,0.0534376391293643,0.6966700364549827,0.04857512915538785,0.8271254208754208,0.140682409906787
GCN,GCN,GCN h=64 L=3 d=0.2 lr=0.005,1.642321268717448,0.09117184131074497,0.0028567314147948664,0.00043169955118914697,0.003116925557454367,0.000437097816746609,0.0,0.0,1.642321268717448,0.09117184131074497,0.7037037037037037,0.160375074774896,0.7247863247863248,0.1810614719630061,0.6541666666666667,0.12644992421244602,0.6532330712765496,0.16217221990653255,0.7548076923076922,0.11444731482137313,0.75,0.08660254037844382,0.7483660130718954,0.11670098907444944,0.6828703703703703,0.08793249959825263,0.6896197937864604,0.0895589067548287,0.8445580808080808,0.07653615385824887
GCN,GCN,GCN h=64 L=3 d=0.75 lr=0.001,1.610464334487915,0.04005472815468751,0.0026340484619140334,0.0003396215543805866,0.0028623739878336336,7.458437909082155e-05,0.0,0.0,1.610464334487915,0.04005472815468751,0.6666666666666666,0.14698618394803278,0.7163398692810458,0.2463133269437864,0.5833333333333334,0.11342214657346833,0.5612121212121212,0.135150156264401,0.7509615384615386,0.05614100221921149,0.7000000000000001,0.04999999999999993,0.7122140522875817,0.0964024159748075,0.6277777777777778,0.04194352464039304,0.6151875768116034,0.046820885628724204,0.8090025252525251,0.13663785734391018
GCN,GCN,GCN h=64 L=3 d=0.75 lr=0.005,1.6151256561279297,0.01872489675880129,0.0025017261505126667,0.00014841877309557677,0.0025722980499266663,0.0002304741979832423,0.0,0.0,1.6151256561279297,0.01872489675880129,0.7037037037037037,0.1951046991269026,0.7333333333333333,0.2645751311064591,0.65,0.171846588560844,0.640974025974026,0.2159463692063814,0.7807692307692308,0.0965951411913412,0.7666666666666666,0.028867513459481322,0.7548916361416361,0.10582134916357903,0.713425925925926,0.0734974664326361,0.7183767248283378,0.07052110326961211,0.8325420875420875,0.12357685252128231
GCN,GCN,GCN h=64 L=4 d=0.0 lr=0.001,1.81468931833903,0.14590138188564297,0.0030037562052408,0.0002411094842944967,0.0031513373057047,0.0002615355458277308,0.0,0.0,1.81468931833903,0.14590138188564297,0.6851851851851851,0.16972502573910522,0.7243055555555555,0.25461310973347023,0.6166666666666667,0.13365845776954532,0.6058755038065383,0.17160189854312385,0.7682692307692308,0.10760212570215014,0.7833333333333333,0.05773502691896255,0.7719246031746031,0.11839117127132501,0.725,0.1010362971081845,0.7322255920105384,0.10031394435510588,0.8279924242424243,0.1335120778044109
GCN,GCN,GCN h=64 L=4 d=0.0 lr=0.005,1.7105977535247803,0.0165642028009497,0.0029410521189370997,0.0002339092022642346,0.003064314524332633,0.00017630765100946138,0.0,0.0,1.7105977535247803,0.0165642028009497,0.7222222222222222,0.14698618394803273,0.7605769230769232,0.13465315404212083,0.6913461538461538,0.14857869530395285,0.6749163879598662,0.16164748393160935,0.7775641025641026,0.11543401720210623,0.7666666666666666,0.05773502691896262,0.7674136321195144,0.09019013382872726,0.7037037037037037,0.06415002990995838,0.7126831501831502,0.059115161784227786,0.834246632996633,0.06998059369286672
GCN,GCN,GCN h=64 L=4 d=0.2 lr=0.001,2.023158629735311,0.03607900639011152,0.0027859210968017335,3.9417016220433395e-05,0.0032287438710529998,0.00019727006424508482,0.0,0.0,2.023158629735311,0.03607900639011152,0.7222222222222222,0.16666666666666666,0.7674603174603174,0.20683246220679324,0.6708333333333334,0.13825550019197552,0.6706709956709958,0.16965220359927827,0.7724358974358975,0.10381201955621157,0.7833333333333333,0.05773502691896255,0.7636217948717948,0.1198092076128415,0.7319444444444444,0.1000289310001713,0.7383034647550777,0.09930479516049483,0.8481649831649832,0.11707720340580431
GCN,GCN,GCN h=64 L=4 d=0.2 lr=0.005,1.9852882226308186,0.02576448048507085,0.0029566287994384336,0.0001109010370044532,0.0035440921783446663,0.0003515689518072531,0.0,0.0,1.9852882226308186,0.02576448048507085,0.7407407407407408,0.08486251286955263,0.7777777777777777,0.07200494964930182,0.6955128205128206,0.06240624131154758,0.6918350168350168,0.07816067911260931,0.7538461538461538,0.10052101696695581,0.75,0.050000000000000044,0.737797619047619,0.11290828846594211,0.6925925925925926,0.07563176983948941,0.6973755038271167,0.07317143387322139,0.8578914141414141,0.05485246529030058
GCN,GCN,GCN h=64 L=4 d=0.75 lr=0.001,1.9855374495188396,0.0010791744161977289,0.0027867952982584,0.00016393324695225246,0.0030413468678792,7.579361253623254e-05,0.0,0.0,1.9855374495188396,0.0010791744161977289,0.6666666666666666,0.16666666666666669,0.717361111111111,0.2504018760653303,0.5958333333333333,0.12140668570277885,0.5765048744359089,0.16169315882021615,0.7621794871794872,0.08604739588883842,0.7166666666666667,0.028867513459481298,0.7328431372549019,0.08452551560535214,0.6486111111111111,0.016839382851364104,0.6424304488820617,0.0007390556441239221,0.8279924242424243,0.1335120778044109
GCN,GCN,GCN h=64 L=4 d=0.75 lr=0.005,2.0499664147694907,0.10778276977820922,0.0028886000315347664,0.00014297370668879295,0.0030106703440348002,0.0001607136356078427,0.0,0.0,2.0499664147694907,0.10778276977820922,0.6851851851851851,0.16972502573910522,0.7243055555555555,0.25461310973347023,0.6166666666666667,0.13365845776954532,0.6058755038065383,0.17160189854312385,0.7724358974358975,0.10381201955621157,0.75,0.050000000000000044,0.737797619047619,0.11290828846594211,0.6925925925925926,0.07563176983948941,0.6973755038271167,0.07317143387322139,0.8334090909090909,0.11774401717822963
GIN,GIN,GIN h=32 L=2 d=0.0 lr=0.001,0.8617353439331055,0.13125843266948997,0.0025610129038492664,0.0002461002184110182,0.002840518951415967,0.00023514007434180593,0.0,0.0,0.8617353439331055,0.13125843266948997,0.7222222222222222,0.22222222222222218,0.7436507936507937,0.2766040964134178,0.6833333333333332,0.21877975988041792,0.6698540965207632,0.2575204388855857,0.8897435897435898,0.07323700415172864,0.8166666666666668,0.11547005383792512,0.793109668109668,0.1466064122802507,0.7981481481481482,0.1291392842341566,0.7932050017771862,0.1378472462531857,0.8706271043771044,0.11726721901332973
GIN,GIN,GIN h=32 L=2 d=0.0 lr=0.005,0.8805427551269531,0.15921403561802652,0.0021123091379800997,0.0003504718512193553,0.0018528302510578667,5.944723961955185e-05,0.0,0.0,0.8805427551269531,0.15921403561802652,0.7777777777777777,0.14698618394803287,0.8325216450216452,0.12298171732817274,0.7458333333333332,0.14049762750072803,0.7416090082756749,0.17228796591250944,0.9032051282051282,0.07985594772205626,0.75,0.08660254037844387,0.7694444444444445,0.11002945733521312,0.7564814814814814,0.0494048947109412,0.7328510378510379,0.09213630291691337,0.8857996632996633,0.09243561341064772
GIN,GIN,GIN h=32 L=2 d=0.2 lr=0.001,1.0676817099253337,0.2373526918864388,0.0016943613688150665,0.0002892489380354601,0.0018117427825927333,0.0002530837642876737,0.0,0.0,1.0676817099253337,0.2373526918864388,0.7037037037037037,0.13981174880131017,0.7584325396825397,0.19629512362115673,0.6375000000000001,0.09762812094883314,0.635572473503508,0.12133922137514168,0.8897435897435898,0.07323700415172864,0.7999999999999999,0.08660254037844388,0.7813575313575315,0.12681713193104605,0.7796296296296296,0.0978682241609171,0.7755330779351857,0.1081071772272598,0.86618265993266,0.12435298850658413
GIN,GIN,GIN h=32 L=2 d=0.2 lr=0.005,0.8722693125406901,0.0929881217049016,0.0015233357747395334,2.136519602669525e-05,0.0017869472503661667,0.00033641926013911497,0.0,0.0,0.8722693125406901,0.0929881217049016,0.7777777777777777,0.14698618394803287,0.8325216450216452,0.12298171732817274,0.7458333333333332,0.14049762750072803,0.7416090082756749,0.17228796591250944,0.9157051282051283,0.08200932921866551,0.75,0.08660254037844387,0.7722222222222223,0.1109721353079899,0.763425925925926,0.057606807225215356,0.734955414955415,0.09420028828069976,0.8604166666666666,0.12124570439126219
GIN,GIN,GIN h=32 L=2 d=0.75 lr=0.001,0.8490110238393148,0.0917912782681629,0.0015706221262613335,0.0002039280858204455,0.0018583933512369335,0.00037335331956939643,0.0,0.0,0.8490110238393148,0.0917912782681629,0.7592592592592592,0.06415002990995845,0.8201208513708513,0.09343864160986848,0.7000000000000001,0.012500000000000025,0.7070010449320794,0.03127434684729559,0.8679487179487181,0.07847787662975848,0.7999999999999999,0.04999999999999993,0.7989621489621489,0.10453148623091897,0.7703703703703703,0.06697459748157457,0.7689133854651096,0.07736197162744195,0.8851430976430977,0.08033323368428147
GIN,GIN,GIN h=32 L=2 d=0.75 lr=0.005,0.8975698947906494,0.1170791208813403,0.0015966892242430999,0.00016664128393693473,0.0018623669942219665,0.00037085987626698223,0.0,0.0,0.8975698947906494,0.1170791208813403,0.7777777777777777,0.09622504486493764,0.8052170052170052,0.07447272584536066,0.7538461538461538,0.09409821917587499,0.7495171495171494,0.09921369248457455,0.8939102564102565,0.07232874420767144,0.8333333333333334,0.12583057392117913,0.8329124579124579,0.1432751671662291,0.850925925925926,0.10759482371626887,0.8229342784464605,0.1411648936110995,0.879827441077441,0.09534319598157459
GIN,GIN,GIN h=32 L=3 d=0.0 lr=0.001,1.0392176310221355,0.14809527585055418,0.0017493565877278333,0.00014523671089756792,0.0019193490346272,0.00018888354874877964,0.0,0.0,1.0392176310221355,0.14809527585055418,0.8148148148148149,0.11564811108145186,0.8474025974025974,0.12204510473514621,0.7875,0.09921567416492211,0.79673721340388,0.11329682313881648,0.9115384615384615,0.07356240558051988,0.8166666666666668,0.12583057392117916,0.8117003367003366,0.14114700899589847,0.8300925925925927,0.10664942472530584,0.8057195243896013,0.13942093234645575,0.8684385521885521,0.10533811784728418
GIN,GIN,GIN h=32 L=3 d=0.0 lr=0.005,0.9959570566813151,0.12853363867185544,0.0018765926361083334,0.00026869646933527476,0.002243757247924733,0.00036750783607477093,0.0,0.0,0.9959570566813151,0.12853363867185544,0.8148148148148149,0.0848625128695526,0.8412698412698413,0.013746434980705463,0.8160256410256411,0.11924756912246631,0.7935148700628577,0.10671024790192839,0.9249999999999999,0.06614378277661472,0.7999999999999999,0.08660254037844387,0.8279220779220778,0.08838089343387141,0.8361111111111111,0.03757708127352412,0.792374686716792,0.09095152867821116,0.9278829966329966,0.061620053297230866
GIN,GIN,GIN h=32 L=3 d=0.2 lr=0.001,1.1165599822998047,0.11474309884923453,0.0018752415974934336,0.0002590609953847946,0.0021485487620035333,0.00024992935701863614,0.0,0.0,1.1165599822998047,0.11474309884923453,0.7962962962962963,0.08486251286955254,0.7898629148629149,0.06819971019737309,0.7993589743589743,0.11002089858855342,0.7851731601731601,0.08201399813603127,0.9166666666666666,0.08133008873309637,0.7999999999999999,0.15,0.8138888888888888,0.15508360946897612,0.825925925925926,0.12239045660635782,0.7918385905086672,0.16124620095868009,0.8753829966329967,0.09928944860717676
GIN,GIN,GIN h=32 L=3 d=0.2 lr=0.005,1.0841906865437825,0.14314868402861491,0.0016632874806721666,3.04507601918951e-05,0.002050717671712167,0.000360778152419401,0.0,0.0,1.0841906865437825,0.14314868402861491,0.7407407407407408,0.13981174880131012,0.8160767337237925,0.10796510457683213,0.6916666666666668,0.12011279421166314,0.6783509700176366,0.18158867430918024,0.9041666666666667,0.08322910148099241,0.75,0.050000000000000044,0.7745098039215685,0.05948363284074317,0.7416666666666667,0.06614378277661483,0.7165411748745082,0.07441523331157457,0.9052104377104376,0.07036914347761686
GIN,GIN,GIN h=32 L=3 d=0.75 lr=0.001,1.0620750586191814,0.13505213688921316,0.0018723805745442332,0.00035234477652955386,0.0019185543060302333,0.00017179659312874116,0.0,0.0,1.0620750586191814,0.13505213688921316,0.8333333333333334,0.11111111111111105,0.8565601065601065,0.1241538443425182,0.8083333333333332,0.09381941874331416,0.8198698778408923,0.1058208949217286,0.8939102564102565,0.08613331085392442,0.7833333333333333,0.1755942292142123,0.7948653198653198,0.16609488953208015,0.8078703703703703,0.1389467472079529,0.776720745390822,0.18368289331425974,0.8971885521885522,0.08384775920156416
GIN,GIN,GIN h=32 L=3 d=0.75 lr=0.005,1.1744047005971272,0.3433010431306329,0.0017371972401936666,0.00024429079338673655,0.0033276081085204666,0.002577659036063113,0.0,0.0,1.1744047005971272,0.3433010431306329,0.7962962962962963,0.1283000598199168,0.7860750360750361,0.11309566961398522,0.7955128205128205,0.14378242280780104,0.7877056277056277,0.12716702033059818,0.9041666666666667,0.08868248605746983,0.8166666666666668,0.12583057392117916,0.8228114478114477,0.14107741596554021,0.837037037037037,0.10560427725469072,0.8063929250630019,0.1393697275983092,0.8630218855218855,0.11063539211805933
GIN,GIN,GIN h=32 L=4 d=0.0 lr=0.001,1.1964643001556396,0.26846338172648987,0.0019400119781493666,0.00024553676012774257,0.0022396246592203332,0.00044742283407584957,0.0,0.0,1.1964643001556396,0.26846338172648987,0.8703703703703703,0.11564811108145186,0.8708874458874458,0.1161214057029435,0.8666666666666667,0.11814539065631523,0.8678571428571429,0.11753201908503097,0.9375,0.054486236794258444,0.8166666666666668,0.15275252316519464,0.8239898989898989,0.15794379611220444,0.8398148148148148,0.12596336589391818,0.8083799438921259,0.16500360212548745,0.8738552188552188,0.10336172103986145
GIN,GIN,GIN h=32 L=4 d=0.0 lr=0.005,1.4908947149912517,0.7494288598927317,0.002538681030273367,0.0013210680096759095,0.002842426300048767,0.0014732637554354818,0.0,0.0,1.4908947149912517,0.7494288598927317,0.8333333333333334,0.09622504486493764,0.8654761904761905,0.09491761554894121,0.8083333333333332,0.08036375634160793,0.8169753086419753,0.09517839962362992,0.9323717948717949,0.04567392037007984,0.8166666666666668,0.10408329997330666,0.8312613312613313,0.09846805290374747,0.8476851851851852,0.04479749818484728,0.8099602159704462,0.10887909020024858,0.9184385521885522,0.06194578829726805
GIN,GIN,GIN h=32 L=4 d=0.2 lr=0.001,1.709671974182129,0.9489795784818363,0.0021967093149820333,0.0003764237012383004,0.003448724746704067,0.0015111336684047896,0.0,0.0,1.709671974182129,0.9489795784818363,0.8333333333333334,0.055555555555555566,0.8247335997335998,0.04469441273451788,0.8205128205128206,0.04344338173040365,0.8217032967032968,0.043676134877979784,0.9189102564102564,0.04744131119488104,0.7666666666666666,0.1607275126832159,0.7694444444444444,0.16548190009562744,0.7842592592592593,0.1387869996639461,0.7574951561652329,0.1694044842324606,0.8807996632996633,0.09547805925090798
GIN,GIN,GIN h=32 L=4 d=0.2 lr=0.005,1.380777359008789,0.28216261328422754,0.0020256042480468334,0.0002340509180198074,0.0028740564982095668,0.0009746867125459351,0.0,0.0,1.380777359008789,0.28216261328422754,0.7407407407407408,0.11564811108145183,0.7521672771672772,0.12933114660983103,0.7201923076923077,0.1205839772197375,0.710743893787372,0.11754424482878051,0.9272435897435898,0.0479453327339218,0.7999999999999999,0.04999999999999993,0.802958152958153,0.10773271827471016,0.7842592592592593,0.08767985630488959,0.7721214055152349,0.0818528599755776,0.9080555555555555,0.10967228118015625
GIN,GIN,GIN h=32 L=4 d=0.75 lr=0.001,1.3652113278706868,0.1550201876192668,0.0021389325459797667,0.0003332152197836305,0.0022543271382649333,0.0002871068893991136,0.0,0.0,1.3652113278706868,0.1550201876192668,0.7962962962962963,0.08486251286955254,0.7857725607725609,0.07099526050363054,0.7830128205128206,0.07484163095407444,0.7836080586080586,0.07400281682557902,0.8980769230769231,0.07213461282119632,0.8166666666666668,0.12583057392117916,0.8228114478114477,0.14107741596554021,0.837037037037037,0.10560427725469072,0.8063929250630019,0.1393697275983092,0.8927441077441077,0.08961025493402648
GIN,GIN,GIN h=32 L=4 d=0.75 lr=0.005,1.4904894828796387,0.218655976870642,0.0023058255513508665,0.0005908335821069854,0.0034087498982747003,0.0018529097171002974,0.0,0.0,1.4904894828796387,0.218655976870642,0.7777777777777777,0.09622504486493764,0.7662337662337663,0.07872958216222176,0.7826923076923077,0.12157664322358475,0.7678571428571428,0.09278843611976134,0.9083333333333333,0.08322910148099234,0.8166666666666668,0.12583057392117916,0.8228114478114477,0.14107741596554021,0.837037037037037,0.10560427725469072,0.8063929250630019,0.1393697275983092,0.8635774410774412,0.12188893621861742
GIN,GIN,GIN h=64 L=2 d=0.0 lr=0.001,1.069580078125,0.12180211374186037,0.0018889904022216335,0.00032855844934736846,0.0019741853078206,0.0002934356780657736,0.0,0.0,1.069580078125,0.12180211374186037,0.7222222222222222,0.22222222222222218,0.7436507936507937,0.2766040964134178,0.6833333333333332,0.21877975988041792,0.6698540965207632,0.2575204388855857,0.8855769230769232,0.0748333948331125,0.7666666666666666,0.028867513459481322,0.7625541125541125,0.0956496910716922,0.7425925925925926,0.039414438247764395,0.7369952268973347,0.04726859093357036,0.8690993265993265,0.10403917920399608
GIN,GIN,GIN h=64 L=2 d=0.0 lr=0.005,1.0741207599639893,0.12421002573592543,0.0022790431976317665,0.0006711582095022825,0.0026954015096028335,0.0008278767290368739,0.0,0.0,1.0741207599639893,0.12421002573592543,0.7777777777777778,0.16666666666666663,0.7664529914529915,0.15466440166447812,0.7746794871794872,0.18701943675422047,0.7627135907570691,0.17829285421618762,0.8753205128205127,0.055037753762762584,0.7666666666666666,0.10408329997330658,0.7867003367003367,0.11895449445557678,0.7773148148148148,0.0770843760356572,0.7511445871548174,0.11278696720056418,0.8986111111111111,0.10002893100017132
GIN,GIN,GIN h=64 L=2 d=0.2 lr=0.001,1.2974081834157307,0.1029516157712791,0.0018417835235595332,0.00022484679670269734,0.0019509792327880332,0.00023313765359533005,0.0,0.0,1.2974081834157307,0.1029516157712791,0.7777777777777777,0.14698618394803276,0.8055555555555557,0.12729376930432895,0.7663461538461539,0.1700781885977341,0.7522077922077922,0.15834103687988046,0.9125,0.08750000000000002,0.8166666666666668,0.05773502691896256,0.8116883116883117,0.11620474135177453,0.8027777777777777,0.09141379262169073,0.7920481454419749,0.09151632749518308,0.8719107744107744,0.10218164148554906
GIN,GIN,GIN h=64 L=2 d=0.2 lr=0.005,1.3251314163208008,0.07706683593292081,0.0020372867584228333,0.0002202503813827309,0.0026752948760986003,0.0003597165941606888,0.0,0.0,1.3251314163208008,0.07706683593292081,0.7407407407407408,0.1785861252035732,0.808356676003735,0.14931957954463898,0.7041666666666666,0.1751487463081975,0.6855860189193521,0.2244269759971338,0.8897435897435898,0.06883791671107078,0.7833333333333333,0.028867513459481322,0.794223137973138,0.04829939550447193,0.7712962962962964,0.04270315762074155,0.756223714557048,0.03859831916404137,0.8951388888888889,0.10035383004003234
GIN,GIN,GIN h=64 L=2 d=0.75 lr=0.001,1.32184632619222,0.052790893433108936,0.0024189949035643998,0.0009103030229353171,0.0023210843404133665,0.0004612275248643621,0.0,0.0,1.32184632619222,0.052790893433108936,0.7037037037037037,0.13981174880131017,0.7584325396825397,0.19629512362115673,0.6375000000000001,0.09762812094883314,0.635572473503508,0.12133922137514168,0.8855769230769232,0.09171988324375757,0.8333333333333334,0.10408329997330662,0.8095238095238094,0.14073321925639143,0.812037037037037,0.12348880757666994,0.8090120492338501,0.1320217300125793,0.8853829966329966,0.11636133490675866
GIN,GIN,GIN h=64 L=2 d=0.75 lr=0.005,1.2841839790344238,0.08022186549477017,0.002004702885945567,0.00029801762893513187,0.002227862675984667,0.0002548757429808651,0.0,0.0,1.2841839790344238,0.08022186549477017,0.7962962962962963,0.08486251286955254,0.8116883116883118,0.07872958216222173,0.7951923076923078,0.11232728359153568,0.7797619047619048,0.08438956475451091,0.9125,0.08750000000000002,0.8333333333333334,0.10408329997330662,0.8333333333333331,0.12499999999999996,0.8481481481481481,0.0898100418739418,0.8213162733196834,0.11832363218912888,0.9016329966329967,0.07841820053676488
GIN,GIN,GIN h=64 L=3 d=0.0 lr=0.001,1.5020538965861003,0.13336605506377305,0.0027085145314534004,0.0005752260353133735,0.0026936531066894336,0.00013996145354188907,0.0,0.0,1.5020538965861003,0.13336605506377305,0.7962962962962963,0.1398117488013102,0.8075396825396827,0.14944309569563932,0.7708333333333334,0.1252081600109727,0.7805034471701138,0.13883871487698066,0.9105769230769232,0.07579094768822522,0.8166666666666668,0.07637626158259736,0.7977716727716729,0.1223670198031346,0.7935185185185185,0.09445806002073437,0.7913401253918494,0.10465686064676925,0.8848274410774412,0.09655451576664054
GIN,GIN,GIN h=64 L=3 d=0.0 lr=0.005,1.501287619272868,0.09002694841606299,0.0023817221323648666,0.00011002244626007148,0.0028905073801675997,0.0005115303998302189,0.0,0.0,1.501287619272868,0.09002694841606299,0.7592592592592592,0.1603750747748961,0.7986111111111112,0.12557737027795238,0.7455128205128205,0.18750082182594388,0.7228371628371629,0.18617992428996896,0.907371794871795,0.06718624574536829,0.8666666666666667,0.07637626158259724,0.8615181115181114,0.10226310441350335,0.8638888888888888,0.0834721066739817,0.8502512889213657,0.09389283004623546,0.9090277777777778,0.10121512888306175
GIN,GIN,GIN h=64 L=3 d=0.2 lr=0.001,1.841741959253947,0.26619352988823997,0.0029310385386148666,0.0009611351809826298,0.002881209055582633,0.0007579492873338289,0.0,0.0,1.841741959253947,0.26619352988823997,0.8148148148148149,0.11564811108145186,0.8255772005772006,0.1252449453172866,0.7916666666666666,0.09709316831442542,0.8021484688151355,0.11029639247006011,0.9105769230769231,0.05963864310561812,0.8666666666666667,0.07637626158259728,0.8564074814074814,0.10572580578430318,0.8731481481481481,0.07224002629551672,0.853459308971491,0.09353116427597363,0.86746632996633,0.10621383932256548
GIN,GIN,GIN h=64 L=3 d=0.2 lr=0.005,1.8372286160786946,0.12725141168753248,0.0031436284383137333,0.0008287991656326609,0.0026854674021402664,0.0005997966251284545,0.0,0.0,1.8372286160786946,0.12725141168753248,0.7962962962962963,0.1398117488013102,0.8505952380952381,0.10022826837929977,0.7666666666666666,0.13768926368215254,0.76184710351377,0.17103499763763777,0.9333333333333332,0.06884463184107625,0.7333333333333334,0.028867513459481298,0.7540919728419727,0.08417163869053738,0.7282407407407407,0.005613127617121409,0.7062542395875729,0.032419858354821855,0.9119444444444444,0.08120761002471337
GIN,GIN,GIN h=64 L=3 d=0.75 lr=0.001,1.779491901397705,0.18902125946337142,0.002377748489379833,0.00020031034571766845,0.0028529961903889667,0.00043875382400639947,0.0,0.0,1.779491901397705,0.18902125946337142,0.7962962962962963,0.1283000598199168,0.801948051948052,0.14058853957539597,0.775,0.10825317547305482,0.7848324514991182,0.12219053316182556,0.8980769230769231,0.07213461282119632,0.7999999999999999,0.15,0.8027777777777777,0.1541854342930879,0.8189814814814814,0.12235104742741013,0.7911651898352666,0.16119928670147948,0.8971885521885522,0.08384775920156416
GIN,GIN,GIN h=64 L=3 d=0.75 lr=0.005,1.823822816212972,0.1668131569735768,0.0027296543121337336,0.0003573133357038219,0.0028691291809081667,0.00039722488659820946,0.0,0.0,1.823822816212972,0.1668131569735768,0.8148148148148149,0.08486251286955264,0.8305916305916305,0.10645331777251657,0.7791666666666667,0.05907269532815758,0.794047619047619,0.06928325965214985,0.9022435897435898,0.07266033417027268,0.8166666666666668,0.12583057392117916,0.8089225589225588,0.1415737585235079,0.8231481481481482,0.10901966825230947,0.8036151472852241,0.13964363033987648,0.8907996632996632,0.10170962430914669
GIN,GIN,GIN h=64 L=4 d=0.0 lr=0.001,1.8988699913024902,0.25914486145069876,0.0032379627227782665,0.0006196048436924253,0.0033512910207112,0.0007927496391040356,0.0,0.0,1.8988699913024902,0.25914486145069876,0.7962962962962963,0.19510469912690254,0.8027777777777777,0.18490488045158468,0.7833333333333333,0.2126225137028846,0.7722727272727273,0.22910308409206515,0.9249999999999999,0.06614378277661477,0.7166666666666667,0.05773502691896256,0.7451694139194139,0.09692003248366596,0.7171296296296297,0.015235632103615122,0.6916999050332384,0.05705355184214945,0.8954545454545455,0.08681434758046534
GIN,GIN,GIN h=64 L=4 d=0.0 lr=0.005,1.913318395614624,0.2636059152590716,0.0031989415486652997,0.0006707088958603703,0.0034437179565429,0.0005413536793184522,0.0,0.0,1.913318395614624,0.2636059152590716,0.7592592592592592,0.13981174880131012,0.8157742584213173,0.039651904638126956,0.7288461538461538,0.15233330689817165,0.7030845697512365,0.19774147967687464,0.9346153846153847,0.016654334688162357,0.7833333333333333,0.16072751268321592,0.8339912280701754,0.0583131313125255,0.7462962962962963,0.1814153318596443,0.7168676007385685,0.2240577376325003,0.9237500000000001,0.06930583388944331
GIN,GIN,GIN h=64 L=4 d=0.2 lr=0.001,2.2640159924825034,0.021565394197298516,0.0032399495442707997,0.0011045459404665245,0.0032339890797932667,0.0006715182057998774,0.0,0.0,2.2640159924825034,0.021565394197298516,0.8333333333333334,0.09622504486493764,0.8436507936507938,0.10480473511196742,0.8125,0.07603453162872781,0.8223865640532306,0.08977478101540955,0.9355769230769231,0.03465542555950021,0.7999999999999999,0.1322875655532295,0.8091214341214341,0.12942411167280213,0.8245370370370372,0.10971636177504361,0.7898941460642228,0.13955351233587057,0.9005555555555556,0.08944789503351058
GIN,GIN,GIN h=64 L=4 d=0.2 lr=0.005,2.2256623903910318,0.21274395020829442,0.0028790632883707334,0.00044248627737960905,0.002935568491617767,0.0004520090141014471,0.0,0.0,2.2256623903910318,0.21274395020829442,0.8148148148148149,0.1785861252035732,0.8325396825396826,0.17548658193262984,0.7916666666666666,0.1876388374866284,0.7855443322109988,0.21188384274667396,0.9291666666666667,0.0616610357789531,0.7833333333333333,0.07637626158259733,0.8124579124579124,0.07468147053967607,0.8106481481481481,0.0392918933198496,0.7714223649325951,0.07988778351800808,0.9316666666666666,0.06331139971074193
GIN,GIN,GIN h=64 L=4 d=0.75 lr=0.001,2.3032682736714682,0.3767830014051049,0.0027631918589273666,0.00020720924738721935,0.0037961800893147337,0.0005544831615965703,0.0,0.0,2.3032682736714682,0.3767830014051049,0.7962962962962963,0.0848625128695526,0.7862535612535613,0.07033658802480161,0.7871794871794872,0.06907925014640043,0.7859668968802097,0.07072869753780545,0.9365384615384617,0.04163583672040581,0.7999999999999999,0.15,0.8305555555555556,0.12085727732115045,0.8515151515151516,0.0952499008818286,0.7972728069107125,0.15398359034168166,0.8769107744107744,0.10350756073547748
GIN,GIN,GIN h=64 L=4 d=0.75 lr=0.005,2.2852933406829834,0.18889216323325164,0.0034530957539876,0.0009499115723039418,0.0030713081359863,0.0005830195720183934,0.0,0.0,2.2852933406829834,0.18889216323325164,0.8148148148148149,0.06415002990995834,0.8297619047619048,0.04742520068343357,0.8160256410256411,0.09354802371839493,0.7999999999999999,0.06614378277661477,0.9249999999999999,0.06614378277661472,0.7999999999999999,0.15,0.8138888888888888,0.15508360946897612,0.825925925925926,0.12239045660635782,0.7918385905086672,0.16124620095868009,0.8892718855218855,0.09083502202614634
