{
  "class_label": 0,
  "support_ratio": 0.4,
  "min_support_count": 20,
  "seed": 2,
  "num_graphs": 50,
  "patterns": [
    {
      "num_vertices": 1,
      "support": 50,
      "graph": {
        "vertices": [
          {
            "id": 0,
            "label": 0
          }
        ],
        "edges": []
      },
      "where": []
    },
    {
      "num_vertices": 1,
      "support": 50,
      "graph": {
        "vertices": [
          {
            "id": 0,
            "label": 1
          }
        ],
        "edges": []
      },
      "where": []
    },
    {
      "num_vertices": 1,
      "support": 50,
      "graph": {
        "vertices": [
          {
            "id": 0,
            "label": 2
          }
        ],
        "edges": []
      },
      "where": []
    },
    {
      "num_vertices": 2,
      "support": 43,
      "graph": {
        "vertices": [
          {
            "id": 0,
            "label": 0
          },
          {
            "id": 1,
            "label": 0
          }
        ],
        "edges": [
          [
            0,
            1,
            0
          ]
        ]
      },
      "where": [
        0,
        2,
        3,
        4,
        5,
        6,
        7,
        8,
        9,
        10,
        11,
        13,
        14,
        15,
        16,
        17,
        18,
        19,
        20,
        21,
        23,
        24,
        25,
        26,
        28,
        29,
        30,
        32,
        33,
        34,
        35,
        36,
        37,
        39,
        40,
        41,
        42,
        43,
        44,
        45,
        46,
        47,
        49
      ]
    },
    {
      "num_vertices": 3,
      "support": 43,
      "graph": {
        "vertices": [
          {
            "id": 0,
            "label": 0
          },
          {
            "id": 1,
            "label": 0
          },
          {
            "id": 2,
            "label": 0
          }
        ],
        "edges": [
          [
            0,
            1,
            0
          ],
          [
            1,
            2,
            0
          ]
        ]
      },
      "where": [
        0,
        2,
        3,
        4,
        5,
        6,
        7,
        8,
        9,
        10,
        11,
        13,
        14,
        15,
        16,
        17,
        18,
        19,
        20,
        21,
        23,
        24,
        25,
        26,
        28,
        29,
        30,
        32,
        33,
        34,
        35,
        36,
        37,
        39,
        40,
        41,
        42,
        43,
        44,
        45,
        46,
        47,
        49
      ]
    },
    {
      "num_vertices": 4,
      "support": 43,
      "graph": {
        "vertices": [
          {
            "id": 0,
            "label": 0
          },
          {
            "id": 1,
            "label": 0
          },
          {
            "id": 2,
            "label": 0
          },
          {
            "id": 3,
            "label": 0
          }
        ],
        "edges": [
          [
            0,
            1,
            0
          ],
          [
            1,
            2,
            0
          ],
          [
            2,
            3,
            0
          ]
        ]
      },
      "where": [
        0,
        2,
        3,
        4,
        5,
        6,
        7,
        8,
        9,
        10,
        11,
        13,
        14,
        15,
        16,
        17,
        18,
        19,
        20,
        21,
        23,
        24,
        25,
        26,
        28,
        29,
        30,
        32,
        33,
        34,
        35,
        36,
        37,
        39,
        40,
        41,
        42,
        43,
        44,
        45,
        46,
        47,
        49
      ]
    },
    {
      "num_vertices": 5,
      "support": 43,
      "graph": {
        "vertices": [
          {
            "id": 0,
            "label": 0
          },
          {
            "id": 1,
            "label": 0
          },
          {
            "id": 2,
            "label": 0
          },
          {
            "id": 3,
            "label": 0
          },
          {
            "id": 4,
            "label": 0
          }
        ],
        "edges": [
          [
            0,
            1,
            0
          ],
          [
            1,
            2,
            0
          ],
          [
            2,
            3,
            0
          ],
          [
            3,
            4,
            0
          ]
        ]
      },
      "where": [
        0,
        2,
        3,
        4,
        5,
        6,
        7,
        8,
        9,
        10,
        11,
        13,
        14,
        15,
        16,
        17,
        18,
        19,
        20,
        21,
        23,
        24,
        25,
        26,
        28,
        29,
        30,
        32,
        33,
        34,
        35,
        36,
        37,
        39,
        40,
        41,
        42,
        43,
        44,
        45,
        46,
        47,
        49
      ]
    },
    {
      "num_vertices": 6,
      "support": 43,
      "graph": {
        "vertices": [
          {
            "id": 0,
            "label": 0
          },
          {
            "id": 1,
            "label": 0
          },
          {
            "id": 2,
            "label": 0
          },
          {
            "id": 3,
            "label": 0
          },
          {
            "id": 4,
            "label": 0
          },
          {
            "id": 5,
            "label": 0
          }
        ],
        "edges": [
          [
            0,
            1,
            0
          ],
          [
            1,
            2,
            0
          ],
          [
            2,
            3,
            0
          ],
          [
            3,
            4,
            0
          ],
          [
            4,
            5,
            0
          ]
        ]
      },
      "where": [
        0,
        2,
        3,
        4,
        5,
        6,
        7,
        8,
        9,
        10,
        11,
        13,
        14,
        15,
        16,
        17,
        18,
        19,
        20,
        21,
        23,
        24,
        25,
        26,
        28,
        29,
        30,
        32,
        33,
        34,
        35,
        36,
        37,
        39,
        40,
        41,
        42,
        43,
        44,
        45,
        46,
        47,
        49
      ]
    },
    {
      "num_vertices": 6,
      "support": 43,
      "graph": {
        "vertices": [
          {
            "id": 0,
            "label": 0
          },
          {
            "id": 1,
            "label": 0
          },
          {
            "id": 2,
            "label": 0
          },
          {
            "id": 3,
            "label": 0
          },
          {
            "id": 4,
            "label": 0
          },
          {
            "id": 5,
            "label": 0
          }
        ],
        "edges": [
          [
            0,
            1,
            0
          ],
          [
            0,
            5,
            0
          ],
          [
            1,
            2,
            0
          ],
          [
            2,
            3,
            0
          ],
          [
            3,
            4,
            0
          ],
          [
            4,
            5,
            0
          ]
        ]
      },
      "where": [
        0,
        2,
        3,
        4,
        5,
        6,
        7,
        8,
        9,
        10,
        11,
        13,
        14,
        15,
        16,
        17,
        18,
        19,
        20,
        21,
        23,
        24,
        25,
        26,
        28,
        29,
        30,
        32,
        33,
        34,
        35,
        36,
        37,
        39,
        40,
        41,
        42,
        43,
        44,
        45,
        46,
        47,
        49
      ]
    },
    {
      "num_vertices": 7,
      "support": 43,
      "graph": {
        "vertices": [
          {
            "id": 0,
            "label": 0
          },
          {
            "id": 1,
            "label": 0
          },
          {
            "id": 2,
            "label": 0
          },
          {
            "id": 3,
            "label": 0
          },
          {
            "id": 4,
            "label": 0
          },
          {
            "id": 5,
            "label": 0
          },
          {
            "id": 6,
            "label": 1
          }
        ],
        "edges": [
          [
            0,
            1,
            0
          ],
          [
            0,
            5,
            0
          ],
          [
            1,
            2,
            0
          ],
          [
            2,
            3,
            0
          ],
          [
            3,
            4,
            0
          ],
          [
            4,
            5,
            0
          ],
          [
            5,
            6,
            1
          ]
        ]
      },
      "where": [
        0,
        2,
        3,
        4,
        5,
        6,
        7,
        8,
        9,
        10,
        11,
        13,
        14,
        15,
        16,
        17,
        18,
        19,
        20,
        21,
        23,
        24,
        25,
        26,
        28,
        29,
        30,
        32,
        33,
        34,
        35,
        36,
        37,
        39,
        40,
        41,
        42,
        43,
        44,
        45,
        46,
        47,
        49
      ]
    },
    {
      "num_vertices": 8,
      "support": 43,
      "graph": {
        "vertices": [
          {
            "id": 0,
            "label": 0
          },
          {
            "id": 1,
            "label": 0
          },
          {
            "id": 2,
            "label": 0
          },
          {
            "id": 3,
            "label": 0
          },
          {
            "id": 4,
            "label": 0
          },
          {
            "id": 5,
            "label": 0
          },
          {
            "id": 6,
            "label": 1
          },
          {
            "id": 7,
            "label": 2
          }
        ],
        "edges": [
          [
            0,
            1,
            0
          ],
          [
            0,
            5,
            0
          ],
          [
            1,
            2,
            0
          ],
          [
            2,
            3,
            0
          ],
          [
            3,
            4,
            0
          ],
          [
            4,
            5,
            0
          ],
          [
            5,
            6,
            1
          ],
          [
            6,
            7,
            2
          ]
        ]
      },
      "where": [
        0,
        2,
        3,
        4,
        5,
        6,
        7,
        8,
        9,
        10,
        11,
        13,
        14,
        15,
        16,
        17,
        18,
        19,
        20,
        21,
        23,
        24,
        25,
        26,
        28,
        29,
        30,
        32,
        33,
        34,
        35,
        36,
        37,
        39,
        40,
        41,
        42,
        43,
        44,
        45,
        46,
        47,
        49
      ]
    },
    {
      "num_vertices": 8,
      "support": 43,
      "graph": {
        "vertices": [
          {
            "id": 0,
            "label": 0
          },
          {
            "id": 1,
            "label": 0
          },
          {
            "id": 2,
            "label": 0
          },
          {
            "id": 3,
            "label": 0
          },
          {
            "id": 4,
            "label": 0
          },
          {
            "id": 5,
            "label": 0
          },
          {
            "id": 6,
            "label": 1
          },
          {
            "id": 7,
            "label": 2
          }
        ],
        "edges": [
          [
            0,
            1,
            0
          ],
          [
            0,
            5,
            0
          ],
          [
            1,
            2,
            0
          ],
          [
            2,
            3,
            0
          ],
          [
            3,
            4,
            0
          ],
          [
            4,
            5,
            0
          ],
          [
            5,
            6,
            1
          ],
          [
            6,
            7,
            1
          ]
        ]
      },
      "where": [
        0,
        2,
        3,
        4,
        5,
        6,
        7,
        8,
        9,
        10,
        11,
        13,
        14,
        15,
        16,
        17,
        18,
        19,
        20,
        21,
        23,
        24,
        25,
        26,
        28,
        29,
        30,
        32,
        33,
        34,
        35,
        36,
        37,
        39,
        40,
        41,
        42,
        43,
        44,
        45,
        46,
        47,
        49
      ]
    },
    {
      "num_vertices": 9,
      "support": 43,
      "graph": {
        "vertices": [
          {
            "id": 0,
            "label": 0
          },
          {
            "id": 1,
            "label": 0
          },
          {
            "id": 2,
            "label": 0
          },
          {
            "id": 3,
            "label": 0
          },
          {
            "id": 4,
            "label": 0
          },
          {
            "id": 5,
            "label": 0
          },
          {
            "id": 6,
            "label": 1
          },
          {
            "id": 7,
            "label": 2
          },
          {
            "id": 8,
            "label": 2
          }
        ],
        "edges": [
          [
            0,
            1,
            0
          ],
          [
            0,
            5,
            0
          ],
          [
            1,
            2,
            0
          ],
          [
            2,
            3,
            0
          ],
          [
            3,
            4,
            0
          ],
          [
            4,
            5,
            0
          ],
          [
            5,
            6,
            1
          ],
          [
            6,
            7,
            1
          ],
          [
            6,
            8,
            2
          ]
        ]
      },
      "where": [
        0,
        2,
        3,
        4,
        5,
        6,
        7,
        8,
        9,
        10,
        11,
        13,
        14,
        15,
        16,
        17,
        18,
        19,
        20,
        21,
        23,
        24,
        25,
        26,
        28,
        29,
        30,
        32,
        33,
        34,
        35,
        36,
        37,
        39,
        40,
        41,
        42,
        43,
        44,
        45,
        46,
        47,
        49
      ]
    },
    {
      "num_vertices": 7,
      "support": 43,
      "graph": {
        "vertices": [
          {
            "id": 0,
            "label": 0
          },
          {
            "id": 1,
            "label": 0
          },
          {
            "id": 2,
            "label": 0
          },
          {
            "id": 3,
            "label": 0
          },
          {
            "id": 4,
            "label": 0
          },
          {
            "id": 5,
            "label": 0
          },
          {
            "id": 6,
            "label": 1
          }
        ],
        "edges": [
          [
            0,
            1,
            0
          ],
          [
            1,
            2,
            0
          ],
          [
            2,
            3,
            0
          ],
          [
            3,
            4,
            0
          ],
          [
            3,
            6,
            1
          ],
          [
            4,
            5,
            0
          ]
        ]
      },
      "where": [
        0,
        2,
        3,
        4,
        5,
        6,
        7,
        8,
        9,
        10,
        11,
        13,
        14,
        15,
        16,
        17,
        18,
        19,
        20,
        21,
        23,
        24,
        25,
        26,
        28,
        29,
        30,
        32,
        33,
        34,
        35,
        36,
        37,
        39,
        40,
        41,
        42,
        43,
        44,
        45,
        46,
        47,
        49
      ]
    },
    {
      "num_vertices": 8,
      "support": 43,
      "graph": {
        "vertices": [
          {
            "id": 0,
            "label": 0
          },
          {
            "id": 1,
            "label": 0
          },
          {
            "id": 2,
            "label": 0
          },
          {
            "id": 3,
            "label": 0
          },
          {
            "id": 4,
            "label": 0
          },
          {
            "id": 5,
            "label": 0
          },
          {
            "id": 6,
            "label": 1
          },
          {
            "id": 7,
            "label": 2
          }
        ],
        "edges": [
          [
            0,
            1,
            0
          ],
          [
            1,
            2,
            0
          ],
          [
            2,
            3,
            0
          ],
          [
            3,
            4,
            0
          ],
          [
            3,
            6,
            1
          ],
          [
            4,
            5,
            0
          ],
          [
            6,
            7,
            2
          ]
        ]
      },
      "where": [
        0,
        2,
        3,
        4,
        5,
        6,
        7,
        8,
        9,
        10,
        11,
        13,
        14,
        15,
        16,
        17,
        18,
        19,
        20,
        21,
        23,
        24,
        25,
        26,
        28,
        29,
        30,
        32,
        33,
        34,
        35,
        36,
        37,
        39,
        40,
        41,
        42,
        43,
        44,
        45,
        46,
        47,
        49
      ]
    },
    {
      "num_vertices": 8,
      "support": 43,
      "graph": {
        "vertices": [
          {
            "id": 0,
            "label": 0
          },
          {
            "id": 1,
            "label": 0
          },
          {
            "id": 2,
            "label": 0
          },
          {
            "id": 3,
            "label": 0
          },
          {
            "id": 4,
            "label": 0
          },
          {
            "id": 5,
            "label": 0
          },
          {
            "id": 6,
            "label": 1
          },
          {
            "id": 7,
            "label": 2
          }
        ],
        "edges": [
          [
            0,
            1,
            0
          ],
          [
            1,
            2,
            0
          ],
          [
            2,
            3,
            0
          ],
          [
            3,
            4,
            0
          ],
          [
            3,
            6,
            1
          ],
          [
            4,
            5,
            0
          ],
          [
            6,
            7,
            1
          ]
        ]
      },
      "where": [
        0,
        2,
        3,
        4,
        5,
        6,
        7,
        8,
        9,
        10,
        11,
        13,
        14,
        15,
        16,
        17,
        18,
        19,
        20,
        21,
        23,
        24,
        25,
        26,
        28,
        29,
        30,
        32,
        33,
        34,
        35,
        36,
        37,
        39,
        40,
        41,
        42,
        43,
        44,
        45,
        46,
        47,
        49
      ]
    },
    {
      "num_vertices": 9,
      "support": 43,
      "graph": {
        "vertices": [
          {
            "id": 0,
            "label": 0
          },
          {
            "id": 1,
            "label": 0
          },
          {
            "id": 2,
            "label": 0
          },
          {
            "id": 3,
            "label": 0
          },
          {
            "id": 4,
            "label": 0
          },
          {
            "id": 5,
            "label": 0
          },
          {
            "id": 6,
            "label": 1
          },
          {
            "id": 7,
            "label": 2
          },
          {
            "id": 8,
            "label": 2
          }
        ],
        "edges": [
          [
            0,
            1,
            0
          ],
          [
            1,
            2,
            0
          ],
          [
            2,
            3,
            0
          ],
          [
            3,
            4,
            0
          ],
          [
            3,
            6,
            1
          ],
          [
            4,
            5,
            0
          ],
          [
            6,
            7,
            1
          ],
          [
            6,
            8,
            2
          ]
        ]
      },
      "where": [
        0,
        2,
        3,
        4,
        5,
        6,
        7,
        8,
        9,
        10,
        11,
        13,
        14,
        15,
        16,
        17,
        18,
        19,
        20,
        21,
        23,
        24,
        25,
        26,
        28,
        29,
        30,
        32,
        33,
        34,
        35,
        36,
        37,
        39,
        40,
        41,
        42,
        43,
        44,
        45,
        46,
        47,
        49
      ]
    },
    {
      "num_vertices": 7,
      "support": 43,
      "graph": {
        "vertices": [
          {
            "id": 0,
            "label": 0
          },
          {
            "id": 1,
            "label": 0
          },
          {
            "id": 2,
            "label": 0
          },
          {
            "id": 3,
            "label": 0
          },
          {
            "id": 4,
            "label": 0
          },
          {
            "id": 5,
            "label": 0
          },
          {
            "id": 6,
            "label": 1
          }
        ],
        "edges": [
          [
            0,
            1,
            0
          ],
          [
            1,
            2,
            0
          ],
          [
            2,
            3,
            0
          ],
          [
            3,
            4,
            0
          ],
          [
            4,
            5,
            0
          ],
          [
            4,
            6,
            1
          ]
        ]
      },
      "where": [
        0,
        2,
        3,
        4,
        5,
        6,
        7,
        8,
        9,
        10,
        11,
        13,
        14,
        15,
        16,
        17,
        18,
        19,
        20,
        21,
        23,
        24,
        25,
        26,
        28,
        29,
        30,
        32,
        33,
        34,
        35,
        36,
        37,
        39,
        40,
        41,
        42,
        43,
        44,
        45,
        46,
        47,
        49
      ]
    },
    {
      "num_vertices": 8,
      "support": 43,
      "graph": {
        "vertices": [
          {
            "id": 0,
            "label": 0
          },
          {
            "id": 1,
            "label": 0
          },
          {
            "id": 2,
            "label": 0
          },
          {
            "id": 3,
            "label": 0
          },
          {
            "id": 4,
            "label": 0
          },
          {
            "id": 5,
            "label": 0
          },
          {
            "id": 6,
            "label": 1
          },
          {
            "id": 7,
            "label": 2
          }
        ],
        "edges": [
          [
            0,
            1,
            0
          ],
          [
            1,
            2,
            0
          ],
          [
            2,
            3,
            0
          ],
          [
            3,
            4,
            0
          ],
          [
            4,
            5,
            0
          ],
          [
            4,
            6,
            1
          ],
          [
            6,
            7,
            2
          ]
        ]
      },
      "where": [
        0,
        2,
        3,
        4,
        5,
        6,
        7,
        8,
        9,
        10,
        11,
        13,
        14,
        15,
        16,
        17,
        18,
        19,
        20,
        21,
        23,
        24,
        25,
        26,
        28,
        29,
        30,
        32,
        33,
        34,
        35,
        36,
        37,
        39,
        40,
        41,
        42,
        43,
        44,
        45,
        46,
        47,
        49
      ]
    },
    {
      "num_vertices": 8,
      "support": 43,
      "graph": {
        "vertices": [
          {
            "id": 0,
            "label": 0
          },
          {
            "id": 1,
            "label": 0
          },
          {
            "id": 2,
            "label": 0
          },
          {
            "id": 3,
            "label": 0
          },
          {
            "id": 4,
            "label": 0
          },
          {
            "id": 5,
            "label": 0
          },
          {
            "id": 6,
            "label": 1
          },
          {
            "id": 7,
            "label": 2
          }
        ],
        "edges": [
          [
            0,
            1,
            0
          ],
          [
            1,
            2,
            0
          ],
          [
            2,
            3,
            0
          ],
          [
            3,
            4,
            0
          ],
          [
            4,
            5,
            0
          ],
          [
            4,
            6,
            1
          ],
          [
            6,
            7,
            1
          ]
        ]
      },
      "where": [
        0,
        2,
        3,
        4,
        5,
        6,
        7,
        8,
        9,
        10,
        11,
        13,
        14,
        15,
        16,
        17,
        18,
        19,
        20,
        21,
        23,
        24,
        25,
        26,
        28,
        29,
        30,
        32,
        33,
        34,
        35,
        36,
        37,
        39,
        40,
        41,
        42,
        43,
        44,
        45,
        46,
        47,
        49
      ]
    },
    {
      "num_vertices": 9,
      "support": 43,
      "graph": {
        "vertices": [
          {
            "id": 0,
            "label": 0
          },
          {
            "id": 1,
            "label": 0
          },
          {
            "id": 2,
            "label": 0
          },
          {
            "id": 3,
            "label": 0
          },
          {
            "id": 4,
            "label": 0
          },
          {
            "id": 5,
            "label": 0
          },
          {
            "id": 6,
            "label": 1
          },
          {
            "id": 7,
            "label": 2
          },
          {
            "id": 8,
            "label": 2
          }
        ],
        "edges": [
          [
            0,
            1,
            0
          ],
          [
            1,
            2,
            0
          ],
          [
            2,
            3,
            0
          ],
          [
            3,
            4,
            0
          ],
          [
            4,
            5,
            0
          ],
          [
            4,
            6,
            1
          ],
          [
            6,
            7,
            1
          ],
          [
            6,
            8,
            2
          ]
        ]
      },
      "where": [
        0,
        2,
        3,
        4,
        5,
        6,
        7,
        8,
        9,
        10,
        11,
        13,
        14,
        15,
        16,
        17,
        18,
        19,
        20,
        21,
        23,
        24,
        25,
        26,
        28,
        29,
        30,
        32,
        33,
        34,
        35,
        36,
        37,
        39,
        40,
        41,
        42,
        43,
        44,
        45,
        46,
        47,
        49
      ]
    },
    {
      "num_vertices": 7,
      "support": 43,
      "graph": {
        "vertices": [
          {
            "id": 0,
            "label": 0
          },
          {
            "id": 1,
            "label": 0
          },
          {
            "id": 2,
            "label": 0
          },
          {
            "id": 3,
            "label": 0
          },
          {
            "id": 4,
            "label": 0
          },
          {
            "id": 5,
            "label": 0
          },
          {
            "id": 6,
            "label": 1
          }
        ],
        "edges": [
          [
            0,
            1,
            0
          ],
          [
            1,
            2,
            0
          ],
          [
            2,
            3,
            0
          ],
          [
            3,
            4,
            0
          ],
          [
            4,
            5,
            0
          ],
          [
            5,
            6,
            1
          ]
        ]
      },
      "where": [
        0,
        2,
        3,
        4,
        5,
        6,
        7,
        8,
        9,
        10,
        11,
        13,
        14,
        15,
        16,
        17,
        18,
        19,
        20,
        21,
        23,
        24,
        25,
        26,
        28,
        29,
        30,
        32,
        33,
        34,
        35,
        36,
        37,
        39,
        40,
        41,
        42,
        43,
        44,
        45,
        46,
        47,
        49
      ]
    },
    {
      "num_vertices": 8,
      "support": 43,
      "graph": {
        "vertices": [
          {
            "id": 0,
            "label": 0
          },
          {
            "id": 1,
            "label": 0
          },
          {
            "id": 2,
            "label": 0
          },
          {
            "id": 3,
            "label": 0
          },
          {
            "id": 4,
            "label": 0
          },
          {
            "id": 5,
            "label": 0
          },
          {
            "id": 6,
            "label": 1
          },
          {
            "id": 7,
            "label": 2
          }
        ],
        "edges": [
          [
            0,
            1,
            0
          ],
          [
            1,
            2,
            0
          ],
          [
            2,
            3,
            0
          ],
          [
            3,
            4,
            0
          ],
          [
            4,
            5,
            0
          ],
          [
            5,
            6,
            1
          ],
          [
            6,
            7,
            2
          ]
        ]
      },
      "where": [
        0,
        2,
        3,
        4,
        5,
        6,
        7,
        8,
        9,
        10,
        11,
        13,
        14,
        15,
        16,
        17,
        18,
        19,
        20,
        21,
        23,
        24,
        25,
        26,
        28,
        29,
        30,
        32,
        33,
        34,
        35,
        36,
        37,
        39,
        40,
        41,
        42,
        43,
        44,
        45,
        46,
        47,
        49
      ]
    },
    {
      "num_vertices": 8,
      "support": 43,
      "graph": {
        "vertices": [
          {
            "id": 0,
            "label": 0
          },
          {
            "id": 1,
            "label": 0
          },
          {
            "id": 2,
            "label": 0
          },
          {
            "id": 3,
            "label": 0
          },
          {
            "id": 4,
            "label": 0
          },
          {
            "id": 5,
            "label": 0
          },
          {
            "id": 6,
            "label": 1
          },
          {
            "id": 7,
            "label": 2
          }
        ],
        "edges": [
          [
            0,
            1,
            0
          ],
          [
            1,
            2,
            0
          ],
          [
            2,
            3,
            0
          ],
          [
            3,
            4,
            0
          ],
          [
            4,
            5,
            0
          ],
          [
            5,
            6,
            1
          ],
          [
            6,
            7,
            1
          ]
        ]
      },
      "where": [
        0,
        2,
        3,
        4,
        5,
        6,
        7,
        8,
        9,
        10,
        11,
        13,
        14,
        15,
        16,
        17,
        18,
        19,
        20,
        21,
        23,
        24,
        25,
        26,
        28,
        29,
        30,
        32,
        33,
        34,
        35,
        36,
        37,
        39,
        40,
        41,
        42,
        43,
        44,
        45,
        46,
        47,
        49
      ]
    },
    {
      "num_vertices": 9,
      "support": 43,
      "graph": {
        "vertices": [
          {
            "id": 0,
            "label": 0
          },
          {
            "id": 1,
            "label": 0
          },
          {
            "id": 2,
            "label": 0
          },
          {
            "id": 3,
            "label": 0
          },
          {
            "id": 4,
            "label": 0
          },
          {
            "id": 5,
            "label": 0
          },
          {
            "id": 6,
            "label": 1
          },
          {
            "id": 7,
            "label": 2
          },
          {
            "id": 8,
            "label": 2
          }
        ],
        "edges": [
          [
            0,
            1,
            0
          ],
          [
            1,
            2,
            0
          ],
          [
            2,
            3,
            0
          ],
          [
            3,
            4,
            0
          ],
          [
            4,
            5,
            0
          ],
          [
            5,
            6,
            1
          ],
          [
            6,
            7,
            1
          ],
          [
            6,
            8,
            2
          ]
        ]
      },
      "where": [
        0,
        2,
        3,
        4,
        5,
        6,
        7,
        8,
        9,
        10,
        11,
        13,
        14,
        15,
        16,
        17,
        18,
        19,
        20,
        21,
        23,
        24,
        25,
        26,
        28,
        29,
        30,
        32,
        33,
        34,
        35,
        36,
        37,
        39,
        40,
        41,
        42,
        43,
        44,
        45,
        46,
        47,
        49
      ]
    },
    {
      "num_vertices": 6,
      "support": 43,
      "graph": {
        "vertices": [
          {
            "id": 0,
            "label": 0
          },
          {
            "id": 1,
            "label": 0
          },
          {
            "id": 2,
            "label": 0
          },
          {
            "id": 3,
            "label": 0
          },
          {
            "id": 4,
            "label": 0
          },
          {
            "id": 5,
            "label": 1
          }
        ],
        "edges": [
          [
            0,
            1,
            0
          ],
          [
            1,
            2,
            0
          ],
          [
            2,
            3,
            0
          ],
          [
            3,
            4,
            0
          ],
          [
            3,
            5,
            1
          ]
        ]
      },
      "where": [
        0,
        2,
        3,
        4,
        5,
        6,
        7,
        8,
        9,
        10,
        11,
        13,
        14,
        15,
        16,
        17,
        18,
        19,
        20,
        21,
        23,
        24,
        25,
        26,
        28,
        29,
        30,
        32,
        33,
        34,
        35,
        36,
        37,
        39,
        40,
        41,
        42,
        43,
        44,
        45,
        46,
        47,
        49
      ]
    },
    {
      "num_vertices": 7,
      "support": 43,
      "graph": {
        "vertices": [
          {
            "id": 0,
            "label": 0
          },
          {
            "id": 1,
            "label": 0
          },
          {
            "id": 2,
            "label": 0
          },
          {
            "id": 3,
            "label": 0
          },
          {
            "id": 4,
            "label": 0
          },
          {
            "id": 5,
            "label": 1
          },
          {
            "id": 6,
            "label": 2
          }
        ],
        "edges": [
          [
            0,
            1,
            0
          ],
          [
            1,
            2,
            0
          ],
          [
            2,
            3,
            0
          ],
          [
            3,
            4,
            0
          ],
          [
            3,
            5,
            1
          ],
          [
            5,
            6,
            2
          ]
        ]
      },
      "where": [
        0,
        2,
        3,
        4,
        5,
        6,
        7,
        8,
        9,
        10,
        11,
        13,
        14,
        15,
        16,
        17,
        18,
        19,
        20,
        21,
        23,
        24,
        25,
        26,
        28,
        29,
        30,
        32,
        33,
        34,
        35,
        36,
        37,
        39,
        40,
        41,
        42,
        43,
        44,
        45,
        46,
        47,
        49
      ]
    },
    {
      "num_vertices": 7,
      "support": 43,
      "graph": {
        "vertices": [
          {
            "id": 0,
            "label": 0
          },
          {
            "id": 1,
            "label": 0
          },
          {
            "id": 2,
            "label": 0
          },
          {
            "id": 3,
            "label": 0
          },
          {
            "id": 4,
            "label": 0
          },
          {
            "id": 5,
            "label": 1
          },
          {
            "id": 6,
            "label": 2
          }
        ],
        "edges": [
          [
            0,
            1,
            0
          ],
          [
            1,
            2,
            0
          ],
          [
            2,
            3,
            0
          ],
          [
            3,
            4,
            0
          ],
          [
            3,
            5,
            1
          ],
          [
            5,
            6,
            1
          ]
        ]
      },
      "where": [
        0,
        2,
        3,
        4,
        5,
        6,
        7,
        8,
        9,
        10,
        11,
        13,
        14,
        15,
        16,
        17,
        18,
        19,
        20,
        21,
        23,
        24,
        25,
        26,
        28,
        29,
        30,
        32,
        33,
        34,
        35,
        36,
        37,
        39,
        40,
        41,
        42,
        43,
        44,
        45,
        46,
        47,
        49
      ]
    },
    {
      "num_vertices": 8,
      "support": 43,
      "graph": {
        "vertices": [
          {
            "id": 0,
            "label": 0
          },
          {
            "id": 1,
            "label": 0
          },
          {
            "id": 2,
            "label": 0
          },
          {
            "id": 3,
            "label": 0
          },
          {
            "id": 4,
            "label": 0
          },
          {
            "id": 5,
            "label": 1
          },
          {
            "id": 6,
            "label": 2
          },
          {
            "id": 7,
            "label": 2
          }
        ],
        "edges": [
          [
            0,
            1,
            0
          ],
          [
            1,
            2,
            0
          ],
          [
            2,
            3,
            0
          ],
          [
            3,
            4,
            0
          ],
          [
            3,
            5,
            1
          ],
          [
            5,
            6,
            1
          ],
          [
            5,
            7,
            2
          ]
        ]
      },
      "where": [
        0,
        2,
        3,
        4,
        5,
        6,
        7,
        8,
        9,
        10,
        11,
        13,
        14,
        15,
        16,
        17,
        18,
        19,
        20,
        21,
        23,
        24,
        25,
        26,
        28,
        29,
        30,
        32,
        33,
        34,
        35,
        36,
        37,
        39,
        40,
        41,
        42,
        43,
        44,
        45,
        46,
        47,
        49
      ]
    },
    {
      "num_vertices": 6,
      "support": 43,
      "graph": {
        "vertices": [
          {
            "id": 0,
            "label": 0
          },
          {
            "id": 1,
            "label": 0
          },
          {
            "id": 2,
            "label": 0
          },
          {
            "id": 3,
            "label": 0
          },
          {
            "id": 4,
            "label": 0
          },
          {
            "id": 5,
            "label": 1
          }
        ],
        "edges": [
          [
            0,
            1,
            0
          ],
          [
            1,
            2,
            0
          ],
          [
            2,
            3,
            0
          ],
          [
            3,
            4,
            0
          ],
          [
            4,
            5,
            1
          ]
        ]
      },
      "where": [
        0,
        2,
        3,
        4,
        5,
        6,
        7,
        8,
        9,
        10,
        11,
        13,
        14,
        15,
        16,
        17,
        18,
        19,
        20,
        21,
        23,
        24,
        25,
        26,
        28,
        29,
        30,
        32,
        33,
        34,
        35,
        36,
        37,
        39,
        40,
        41,
        42,
        43,
        44,
        45,
        46,
        47,
        49
      ]
    },
    {
      "num_vertices": 7,
      "support": 43,
      "graph": {
        "vertices": [
          {
            "id": 0,
            "label": 0
          },
          {
            "id": 1,
            "label": 0
          },
          {
            "id": 2,
            "label": 0
          },
          {
            "id": 3,
            "label": 0
          },
          {
            "id": 4,
            "label": 0
          },
          {
            "id": 5,
            "label": 1
          },
          {
            "id": 6,
            "label": 2
          }
        ],
        "edges": [
          [
            0,
            1,
            0
          ],
          [
            1,
            2,
            0
          ],
          [
            2,
            3,
            0
          ],
          [
            3,
            4,
            0
          ],
          [
            4,
            5,
            1
          ],
          [
            5,
            6,
            2
          ]
        ]
      },
      "where": [
        0,
        2,
        3,
        4,
        5,
        6,
        7,
        8,
        9,
        10,
        11,
        13,
        14,
        15,
        16,
        17,
        18,
        19,
        20,
        21,
        23,
        24,
        25,
        26,
        28,
        29,
        30,
        32,
        33,
        34,
        35,
        36,
        37,
        39,
        40,
        41,
        42,
        43,
        44,
        45,
        46,
        47,
        49
      ]
    },
    {
      "num_vertices": 7,
      "support": 43,
      "graph": {
        "vertices": [
          {
            "id": 0,
            "label": 0
          },
          {
            "id": 1,
            "label": 0
          },
          {
            "id": 2,
            "label": 0
          },
          {
            "id": 3,
            "label": 0
          },
          {
            "id": 4,
            "label": 0
          },
          {
            "id": 5,
            "label": 1
          },
          {
            "id": 6,
            "label": 2
          }
        ],
        "edges": [
          [
            0,
            1,
            0
          ],
          [
            1,
            2,
            0
          ],
          [
            2,
            3,
            0
          ],
          [
            3,
            4,
            0
          ],
          [
            4,
            5,
            1
          ],
          [
            5,
            6,
            1
          ]
        ]
      },
      "where": [
        0,
        2,
        3,
        4,
        5,
        6,
        7,
        8,
        9,
        10,
        11,
        13,
        14,
        15,
        16,
        17,
        18,
        19,
        20,
        21,
        23,
        24,
        25,
        26,
        28,
        29,
        30,
        32,
        33,
        34,
        35,
        36,
        37,
        39,
        40,
        41,
        42,
        43,
        44,
        45,
        46,
        47,
        49
      ]
    },
    {
      "num_vertices": 8,
      "support": 43,
      "graph": {
        "vertices": [
          {
            "id": 0,
            "label": 0
          },
          {
            "id": 1,
            "label": 0
          },
          {
            "id": 2,
            "label": 0
          },
          {
            "id": 3,
            "label": 0
          },
          {
            "id": 4,
            "label": 0
          },
          {
            "id": 5,
            "label": 1
          },
          {
            "id": 6,
            "label": 2
          },
          {
            "id": 7,
            "label": 2
          }
        ],
        "edges": [
          [
            0,
            1,
            0
          ],
          [
            1,
            2,
            0
          ],
          [
            2,
            3,
            0
          ],
          [
            3,
            4,
            0
          ],
          [
            4,
            5,
            1
          ],
          [
            5,
            6,
            1
          ],
          [
            5,
            7,
            2
          ]
        ]
      },
      "where": [
        0,
        2,
        3,
        4,
        5,
        6,
        7,
        8,
        9,
        10,
        11,
        13,
        14,
        15,
        16,
        17,
        18,
        19,
        20,
        21,
        23,
        24,
        25,
        26,
        28,
        29,
        30,
        32,
        33,
        34,
        35,
        36,
        37,
        39,
        40,
        41,
        42,
        43,
        44,
        45,
        46,
        47,
        49
      ]
    },
    {
      "num_vertices": 6,
      "support": 43,
      "graph": {
        "vertices": [
          {
            "id": 0,
            "label": 0
          },
          {
            "id": 1,
            "label": 0
          },
          {
            "id": 2,
            "label": 0
          },
          {
            "id": 3,
            "label": 0
          },
          {
            "id": 4,
            "label": 0
          },
          {
            "id": 5,
            "label": 1
          }
        ],
        "edges": [
          [
            0,
            1,
            0
          ],
          [
            1,
            2,
            0
          ],
          [
            2,
            3,
            0
          ],
          [
            2,
            5,
            1
          ],
          [
            3,
            4,
            0
          ]
        ]
      },
      "where": [
        0,
        2,
        3,
        4,
        5,
        6,
        7,
        8,
        9,
        10,
        11,
        13,
        14,
        15,
        16,
        17,
        18,
        19,
        20,
        21,
        23,
        24,
        25,
        26,
        28,
        29,
        30,
        32,
        33,
        34,
        35,
        36,
        37,
        39,
        40,
        41,
        42,
        43,
        44,
        45,
        46,
        47,
        49
      ]
    },
    {
      "num_vertices": 7,
      "support": 43,
      "graph": {
        "vertices": [
          {
            "id": 0,
            "label": 0
          },
          {
            "id": 1,
            "label": 0
          },
          {
            "id": 2,
            "label": 0
          },
          {
            "id": 3,
            "label": 0
          },
          {
            "id": 4,
            "label": 0
          },
          {
            "id": 5,
            "label": 1
          },
          {
            "id": 6,
            "label": 2
          }
        ],
        "edges": [
          [
            0,
            1,
            0
          ],
          [
            1,
            2,
            0
          ],
          [
            2,
            3,
            0
          ],
          [
            2,
            5,
            1
          ],
          [
            3,
            4,
            0
          ],
          [
            5,
            6,
            2
          ]
        ]
      },
      "where": [
        0,
        2,
        3,
        4,
        5,
        6,
        7,
        8,
        9,
        10,
        11,
        13,
        14,
        15,
        16,
        17,
        18,
        19,
        20,
        21,
        23,
        24,
        25,
        26,
        28,
        29,
        30,
        32,
        33,
        34,
        35,
        36,
        37,
        39,
        40,
        41,
        42,
        43,
        44,
        45,
        46,
        47,
        49
      ]
    },
    {
      "num_vertices": 7,
      "support": 43,
      "graph": {
        "vertices": [
          {
            "id": 0,
            "label": 0
          },
          {
            "id": 1,
            "label": 0
          },
          {
            "id": 2,
            "label": 0
          },
          {
            "id": 3,
            "label": 0
          },
          {
            "id": 4,
            "label": 0
          },
          {
            "id": 5,
            "label": 1
          },
          {
            "id": 6,
            "label": 2
          }
        ],
        "edges": [
          [
            0,
            1,
            0
          ],
          [
            1,
            2,
            0
          ],
          [
            2,
            3,
            0
          ],
          [
            2,
            5,
            1
          ],
          [
            3,
            4,
            0
          ],
          [
            5,
            6,
            1
          ]
        ]
      },
      "where": [
        0,
        2,
        3,
        4,
        5,
        6,
        7,
        8,
        9,
        10,
        11,
        13,
        14,
        15,
        16,
        17,
        18,
        19,
        20,
        21,
        23,
        24,
        25,
        26,
        28,
        29,
        30,
        32,
        33,
        34,
        35,
        36,
        37,
        39,
        40,
        41,
        42,
        43,
        44,
        45,
        46,
        47,
        49
      ]
    },
    {
      "num_vertices": 8,
      "support": 43,
      "graph": {
        "vertices": [
          {
            "id": 0,
            "label": 0
          },
          {
            "id": 1,
            "label": 0
          },
          {
            "id": 2,
            "label": 0
          },
          {
            "id": 3,
            "label": 0
          },
          {
            "id": 4,
            "label": 0
          },
          {
            "id": 5,
            "label": 1
          },
          {
            "id": 6,
            "label": 2
          },
          {
            "id": 7,
            "label": 2
          }
        ],
        "edges": [
          [
            0,
            1,
            0
          ],
          [
            1,
            2,
            0
          ],
          [
            2,
            3,
            0
          ],
          [
            2,
            5,
            1
          ],
          [
            3,
            4,
            0
          ],
          [
            5,
            6,
            1
          ],
          [
            5,
            7,
            2
          ]
        ]
      },
      "where": [
        0,
        2,
        3,
        4,
        5,
        6,
        7,
        8,
        9,
        10,
        11,
        13,
        14,
        15,
        16,
        17,
        18,
        19,
        20,
        21,
        23,
        24,
        25,
        26,
        28,
        29,
        30,
        32,
        33,
        34,
        35,
        36,
        37,
        39,
        40,
        41,
        42,
        43,
        44,
        45,
        46,
        47,
        49
      ]
    },
    {
      "num_vertices": 5,
      "support": 43,
      "graph": {
        "vertices": [
          {
            "id": 0,
            "label": 0
          },
          {
            "id": 1,
            "label": 0
          },
          {
            "id": 2,
            "label": 0
          },
          {
            "id": 3,
            "label": 0
          },
          {
            "id": 4,
            "label": 1
          }
        ],
        "edges": [
          [
            0,
            1,
            0
          ],
          [
            1,
            2,
            0
          ],
          [
            2,
            3,
            0
          ],
          [
            3,
            4,
            1
          ]
        ]
      },
      "where": [
        0,
        2,
        3,
        4,
        5,
        6,
        7,
        8,
        9,
        10,
        11,
        13,
        14,
        15,
        16,
        17,
        18,
        19,
        20,
        21,
        23,
        24,
        25,
        26,
        28,
        29,
        30,
        32,
        33,
        34,
        35,
        36,
        37,
        39,
        40,
        41,
        42,
        43,
        44,
        45,
        46,
        47,
        49
      ]
    },
    {
      "num_vertices": 6,
      "support": 43,
      "graph": {
        "vertices": [
          {
            "id": 0,
            "label": 0
          },
          {
            "id": 1,
            "label": 0
          },
          {
            "id": 2,
            "label": 0
          },
          {
            "id": 3,
            "label": 0
          },
          {
            "id": 4,
            "label": 1
          },
          {
            "id": 5,
            "label": 2
          }
        ],
        "edges": [
          [
            0,
            1,
            0
          ],
          [
            1,
            2,
            0
          ],
          [
            2,
            3,
            0
          ],
          [
            3,
            4,
            1
          ],
          [
            4,
            5,
            2
          ]
        ]
      },
      "where": [
        0,
        2,
        3,
        4,
        5,
        6,
        7,
        8,
        9,
        10,
        11,
        13,
        14,
        15,
        16,
        17,
        18,
        19,
        20,
        21,
        23,
        24,
        25,
        26,
        28,
        29,
        30,
        32,
        33,
        34,
        35,
        36,
        37,
        39,
        40,
        41,
        42,
        43,
        44,
        45,
        46,
        47,
        49
      ]
    },
    {
      "num_vertices": 6,
      "support": 43,
      "graph": {
        "vertices": [
          {
            "id": 0,
            "label": 0
          },
          {
            "id": 1,
            "label": 0
          },
          {
            "id": 2,
            "label": 0
          },
          {
            "id": 3,
            "label": 0
          },
          {
            "id": 4,
            "label": 1
          },
          {
            "id": 5,
            "label": 2
          }
        ],
        "edges": [
          [
            0,
            1,
            0
          ],
          [
            1,
            2,
            0
          ],
          [
            2,
            3,
            0
          ],
          [
            3,
            4,
            1
          ],
          [
            4,
            5,
            1
          ]
        ]
      },
      "where": [
        0,
        2,
        3,
        4,
        5,
        6,
        7,
        8,
        9,
        10,
        11,
        13,
        14,
        15,
        16,
        17,
        18,
        19,
        20,
        21,
        23,
        24,
        25,
        26,
        28,
        29,
        30,
        32,
        33,
        34,
        35,
        36,
        37,
        39,
        40,
        41,
        42,
        43,
        44,
        45,
        46,
        47,
        49
      ]
    },
    {
      "num_vertices": 7,
      "support": 43,
      "graph": {
        "vertices": [
          {
            "id": 0,
            "label": 0
          },
          {
            "id": 1,
            "label": 0
          },
          {
            "id": 2,
            "label": 0
          },
          {
            "id": 3,
            "label": 0
          },
          {
            "id": 4,
            "label": 1
          },
          {
            "id": 5,
            "label": 2
          },
          {
            "id": 6,
            "label": 2
          }
        ],
        "edges": [
          [
            0,
            1,
            0
          ],
          [
            1,
            2,
            0
          ],
          [
            2,
            3,
            0
          ],
          [
            3,
            4,
            1
          ],
          [
            4,
            5,
            1
          ],
          [
            4,
            6,
            2
          ]
        ]
      },
      "where": [
        0,
        2,
        3,
        4,
        5,
        6,
        7,
        8,
        9,
        10,
        11,
        13,
        14,
        15,
        16,
        17,
        18,
        19,
        20,
        21,
        23,
        24,
        25,
        26,
        28,
        29,
        30,
        32,
        33,
        34,
        35,
        36,
        37,
        39,
        40,
        41,
        42,
        43,
        44,
        45,
        46,
        47,
        49
      ]
    },
    {
      "num_vertices": 5,
      "support": 43,
      "graph": {
        "vertices": [
          {
            "id": 0,
            "label": 0
          },
          {
            "id": 1,
            "label": 0
          },
          {
            "id": 2,
            "label": 0
          },
          {
            "id": 3,
            "label": 0
          },
          {
            "id": 4,
            "label": 1
          }
        ],
        "edges": [
          [
            0,
            1,
            0
          ],
          [
            1,
            2,
            0
          ],
          [
            2,
            3,
            0
          ],
          [
            2,
            4,
            1
          ]
        ]
      },
      "where": [
        0,
        2,
        3,
        4,
        5,
        6,
        7,
        8,
        9,
        10,
        11,
        13,
        14,
        15,
        16,
        17,
        18,
        19,
        20,
        21,
        23,
        24,
        25,
        26,
        28,
        29,
        30,
        32,
        33,
        34,
        35,
        36,
        37,
        39,
        40,
        41,
        42,
        43,
        44,
        45,
        46,
        47,
        49
      ]
    },
    {
      "num_vertices": 6,
      "support": 43,
      "graph": {
        "vertices": [
          {
            "id": 0,
            "label": 0
          },
          {
            "id": 1,
            "label": 0
          },
          {
            "id": 2,
            "label": 0
          },
          {
            "id": 3,
            "label": 0
          },
          {
            "id": 4,
            "label": 1
          },
          {
            "id": 5,
            "label": 2
          }
        ],
        "edges": [
          [
            0,
            1,
            0
          ],
          [
            1,
            2,
            0
          ],
          [
            2,
            3,
            0
          ],
          [
            2,
            4,
            1
          ],
          [
            4,
            5,
            2
          ]
        ]
      },
      "where": [
        0,
        2,
        3,
        4,
        5,
        6,
        7,
        8,
        9,
        10,
        11,
        13,
        14,
        15,
        16,
        17,
        18,
        19,
        20,
        21,
        23,
        24,
        25,
        26,
        28,
        29,
        30,
        32,
        33,
        34,
        35,
        36,
        37,
        39,
        40,
        41,
        42,
        43,
        44,
        45,
        46,
        47,
        49
      ]
    },
    {
      "num_vertices": 6,
      "support": 43,
      "graph": {
        "vertices": [
          {
            "id": 0,
            "label": 0
          },
          {
            "id": 1,
            "label": 0
          },
          {
            "id": 2,
            "label": 0
          },
          {
            "id": 3,
            "label": 0
          },
          {
            "id": 4,
            "label": 1
          },
          {
            "id": 5,
            "label": 2
          }
        ],
        "edges": [
          [
            0,
            1,
            0
          ],
          [
            1,
            2,
            0
          ],
          [
            2,
            3,
            0
          ],
          [
            2,
            4,
            1
          ],
          [
            4,
            5,
            1
          ]
        ]
      },
      "where": [
        0,
        2,
        3,
        4,
        5,
        6,
        7,
        8,
        9,
        10,
        11,
        13,
        14,
        15,
        16,
        17,
        18,
        19,
        20,
        21,
        23,
        24,
        25,
        26,
        28,
        29,
        30,
        32,
        33,
        34,
        35,
        36,
        37,
        39,
        40,
        41,
        42,
        43,
        44,
        45,
        46,
        47,
        49
      ]
    },
    {
      "num_vertices": 7,
      "support": 43,
      "graph": {
        "vertices": [
          {
            "id": 0,
            "label": 0
          },
          {
            "id": 1,
            "label": 0
          },
          {
            "id": 2,
            "label": 0
          },
          {
            "id": 3,
            "label": 0
          },
          {
            "id": 4,
            "label": 1
          },
          {
            "id": 5,
            "label": 2
          },
          {
            "id": 6,
            "label": 2
          }
        ],
        "edges": [
          [
            0,
            1,
            0
          ],
          [
            1,
            2,
            0
          ],
          [
            2,
            3,
            0
          ],
          [
            2,
            4,
            1
          ],
          [
            4,
            5,
            1
          ],
          [
            4,
            6,
            2
          ]
        ]
      },
      "where": [
        0,
        2,
        3,
        4,
        5,
        6,
        7,
        8,
        9,
        10,
        11,
        13,
        14,
        15,
        16,
        17,
        18,
        19,
        20,
        21,
        23,
        24,
        25,
        26,
        28,
        29,
        30,
        32,
        33,
        34,
        35,
        36,
        37,
        39,
        40,
        41,
        42,
        43,
        44,
        45,
        46,
        47,
        49
      ]
    },
    {
      "num_vertices": 4,
      "support": 43,
      "graph": {
        "vertices": [
          {
            "id": 0,
            "label": 0
          },
          {
            "id": 1,
            "label": 0
          },
          {
            "id": 2,
            "label": 0
          },
          {
            "id": 3,
            "label": 1
          }
        ],
        "edges": [
          [
            0,
            1,
            0
          ],
          [
            1,
            2,
            0
          ],
          [
            2,
            3,
            1
          ]
        ]
      },
      "where": [
        0,
        2,
        3,
        4,
        5,
        6,
        7,
        8,
        9,
        10,
        11,
        13,
        14,
        15,
        16,
        17,
        18,
        19,
        20,
        21,
        23,
        24,
        25,
        26,
        28,
        29,
        30,
        32,
        33,
        34,
        35,
        36,
        37,
        39,
        40,
        41,
        42,
        43,
        44,
        45,
        46,
        47,
        49
      ]
    },
    {
      "num_vertices": 5,
      "support": 43,
      "graph": {
        "vertices": [
          {
            "id": 0,
            "label": 0
          },
          {
            "id": 1,
            "label": 0
          },
          {
            "id": 2,
            "label": 0
          },
          {
            "id": 3,
            "label": 1
          },
          {
            "id": 4,
            "label": 2
          }
        ],
        "edges": [
          [
            0,
            1,
            0
          ],
          [
            1,
            2,
            0
          ],
          [
            2,
            3,
            1
          ],
          [
            3,
            4,
            2
          ]
        ]
      },
      "where": [
        0,
        2,
        3,
        4,
        5,
        6,
        7,
        8,
        9,
        10,
        11,
        13,
        14,
        15,
        16,
        17,
        18,
        19,
        20,
        21,
        23,
        24,
        25,
        26,
        28,
        29,
        30,
        32,
        33,
        34,
        35,
        36,
        37,
        39,
        40,
        41,
        42,
        43,
        44,
        45,
        46,
        47,
        49
      ]
    },
    {
      "num_vertices": 5,
      "support": 43,
      "graph": {
        "vertices": [
          {
            "id": 0,
            "label": 0
          },
          {
            "id": 1,
            "label": 0
          },
          {
            "id": 2,
            "label": 0
          },
          {
            "id": 3,
            "label": 1
          },
          {
            "id": 4,
            "label": 2
          }
        ],
        "edges": [
          [
            0,
            1,
            0
          ],
          [
            1,
            2,
            0
          ],
          [
            2,
            3,
            1
          ],
          [
            3,
            4,
            1
          ]
        ]
      },
      "where": [
        0,
        2,
        3,
        4,
        5,
        6,
        7,
        8,
        9,
        10,
        11,
        13,
        14,
        15,
        16,
        17,
        18,
        19,
        20,
        21,
        23,
        24,
        25,
        26,
        28,
        29,
        30,
        32,
        33,
        34,
        35,
        36,
        37,
        39,
        40,
        41,
        42,
        43,
        44,
        45,
        46,
        47,
        49
      ]
    },
    {
      "num_vertices": 6,
      "support": 43,
      "graph": {
        "vertices": [
          {
            "id": 0,
            "label": 0
          },
          {
            "id": 1,
            "label": 0
          },
          {
            "id": 2,
            "label": 0
          },
          {
            "id": 3,
            "label": 1
          },
          {
            "id": 4,
            "label": 2
          },
          {
            "id": 5,
            "label": 2
          }
        ],
        "edges": [
          [
            0,
            1,
            0
          ],
          [
            1,
            2,
            0
          ],
          [
            2,
            3,
            1
          ],
          [
            3,
            4,
            1
          ],
          [
            3,
            5,
            2
          ]
        ]
      },
      "where": [
        0,
        2,
        3,
        4,
        5,
        6,
        7,
        8,
        9,
        10,
        11,
        13,
        14,
        15,
        16,
        17,
        18,
        19,
        20,
        21,
        23,
        24,
        25,
        26,
        28,
        29,
        30,
        32,
        33,
        34,
        35,
        36,
        37,
        39,
        40,
        41,
        42,
        43,
        44,
        45,
        46,
        47,
        49
      ]
    },
    {
      "num_vertices": 4,
      "support": 43,
      "graph": {
        "vertices": [
          {
            "id": 0,
            "label": 0
          },
          {
            "id": 1,
            "label": 0
          },
          {
            "id": 2,
            "label": 0
          },
          {
            "id": 3,
            "label": 1
          }
        ],
        "edges": [
          [
            0,
            1,
            0
          ],
          [
            1,
            2,
            0
          ],
          [
            1,
            3,
            1
          ]
        ]
      },
      "where": [
        0,
        2,
        3,
        4,
        5,
        6,
        7,
        8,
        9,
        10,
        11,
        13,
        14,
        15,
        16,
        17,
        18,
        19,
        20,
        21,
        23,
        24,
        25,
        26,
        28,
        29,
        30,
        32,
        33,
        34,
        35,
        36,
        37,
        39,
        40,
        41,
        42,
        43,
        44,
        45,
        46,
        47,
        49
      ]
    },
    {
      "num_vertices": 5,
      "support": 43,
      "graph": {
        "vertices": [
          {
            "id": 0,
            "label": 0
          },
          {
            "id": 1,
            "label": 0
          },
          {
            "id": 2,
            "label": 0
          },
          {
            "id": 3,
            "label": 1
          },
          {
            "id": 4,
            "label": 2
          }
        ],
        "edges": [
          [
            0,
            1,
            0
          ],
          [
            1,
            2,
            0
          ],
          [
            1,
            3,
            1
          ],
          [
            3,
            4,
            2
          ]
        ]
      },
      "where": [
        0,
        2,
        3,
        4,
        5,
        6,
        7,
        8,
        9,
        10,
        11,
        13,
        14,
        15,
        16,
        17,
        18,
        19,
        20,
        21,
        23,
        24,
        25,
        26,
        28,
        29,
        30,
        32,
        33,
        34,
        35,
        36,
        37,
        39,
        40,
        41,
        42,
        43,
        44,
        45,
        46,
        47,
        49
      ]
    },
    {
      "num_vertices": 5,
      "support": 43,
      "graph": {
        "vertices": [
          {
            "id": 0,
            "label": 0
          },
          {
            "id": 1,
            "label": 0
          },
          {
            "id": 2,
            "label": 0
          },
          {
            "id": 3,
            "label": 1
          },
          {
            "id": 4,
            "label": 2
          }
        ],
        "edges": [
          [
            0,
            1,
            0
          ],
          [
            1,
            2,
            0
          ],
          [
            1,
            3,
            1
          ],
          [
            3,
            4,
            1
          ]
        ]
      },
      "where": [
        0,
        2,
        3,
        4,
        5,
        6,
        7,
        8,
        9,
        10,
        11,
        13,
        14,
        15,
        16,
        17,
        18,
        19,
        20,
        21,
        23,
        24,
        25,
        26,
        28,
        29,
        30,
        32,
        33,
        34,
        35,
        36,
        37,
        39,
        40,
        41,
        42,
        43,
        44,
        45,
        46,
        47,
        49
      ]
    },
    {
      "num_vertices": 6,
      "support": 43,
      "graph": {
        "vertices": [
          {
            "id": 0,
            "label": 0
          },
          {
            "id": 1,
            "label": 0
          },
          {
            "id": 2,
            "label": 0
          },
          {
            "id": 3,
            "label": 1
          },
          {
            "id": 4,
            "label": 2
          },
          {
            "id": 5,
            "label": 2
          }
        ],
        "edges": [
          [
            0,
            1,
            0
          ],
          [
            1,
            2,
            0
          ],
          [
            1,
            3,
            1
          ],
          [
            3,
            4,
            1
          ],
          [
            3,
            5,
            2
          ]
        ]
      },
      "where": [
        0,
        2,
        3,
        4,
        5,
        6,
        7,
        8,
        9,
        10,
        11,
        13,
        14,
        15,
        16,
        17,
        18,
        19,
        20,
        21,
        23,
        24,
        25,
        26,
        28,
        29,
        30,
        32,
        33,
        34,
        35,
        36,
        37,
        39,
        40,
        41,
        42,
        43,
        44,
        45,
        46,
        47,
        49
      ]
    },
    {
      "num_vertices": 3,
      "support": 43,
      "graph": {
        "vertices": [
          {
            "id": 0,
            "label": 0
          },
          {
            "id": 1,
            "label": 0
          },
          {
            "id": 2,
            "label": 1
          }
        ],
        "edges": [
          [
            0,
            1,
            0
          ],
          [
            1,
            2,
            1
          ]
        ]
      },
      "where": [
        0,
        2,
        3,
        4,
        5,
        6,
        7,
        8,
        9,
        10,
        11,
        13,
        14,
        15,
        16,
        17,
        18,
        19,
        20,
        21,
        23,
        24,
        25,
        26,
        28,
        29,
        30,
        32,
        33,
        34,
        35,
        36,
        37,
        39,
        40,
        41,
        42,
        43,
        44,
        45,
        46,
        47,
        49
      ]
    },
    {
      "num_vertices": 4,
      "support": 43,
      "graph": {
        "vertices": [
          {
            "id": 0,
            "label": 0
          },
          {
            "id": 1,
            "label": 0
          },
          {
            "id": 2,
            "label": 1
          },
          {
            "id": 3,
            "label": 2
          }
        ],
        "edges": [
          [
            0,
            1,
            0
          ],
          [
            1,
            2,
            1
          ],
          [
            2,
            3,
            2
          ]
        ]
      },
      "where": [
        0,
        2,
        3,
        4,
        5,
        6,
        7,
        8,
        9,
        10,
        11,
        13,
        14,
        15,
        16,
        17,
        18,
        19,
        20,
        21,
        23,
        24,
        25,
        26,
        28,
        29,
        30,
        32,
        33,
        34,
        35,
        36,
        37,
        39,
        40,
        41,
        42,
        43,
        44,
        45,
        46,
        47,
        49
      ]
    },
    {
      "num_vertices": 4,
      "support": 43,
      "graph": {
        "vertices": [
          {
            "id": 0,
            "label": 0
          },
          {
            "id": 1,
            "label": 0
          },
          {
            "id": 2,
            "label": 1
          },
          {
            "id": 3,
            "label": 2
          }
        ],
        "edges": [
          [
            0,
            1,
            0
          ],
          [
            1,
            2,
            1
          ],
          [
            2,
            3,
            1
          ]
        ]
      },
      "where": [
        0,
        2,
        3,
        4,
        5,
        6,
        7,
        8,
        9,
        10,
        11,
        13,
        14,
        15,
        16,
        17,
        18,
        19,
        20,
        21,
        23,
        24,
        25,
        26,
        28,
        29,
        30,
        32,
        33,
        34,
        35,
        36,
        37,
        39,
        40,
        41,
        42,
        43,
        44,
        45,
        46,
        47,
        49
      ]
    },
    {
      "num_vertices": 5,
      "support": 43,
      "graph": {
        "vertices": [
          {
            "id": 0,
            "label": 0
          },
          {
            "id": 1,
            "label": 0
          },
          {
            "id": 2,
            "label": 1
          },
          {
            "id": 3,
            "label": 2
          },
          {
            "id": 4,
            "label": 2
          }
        ],
        "edges": [
          [
            0,
            1,
            0
          ],
          [
            1,
            2,
            1
          ],
          [
            2,
            3,
            1
          ],
          [
            2,
            4,
            2
          ]
        ]
      },
      "where": [
        0,
        2,
        3,
        4,
        5,
        6,
        7,
        8,
        9,
        10,
        11,
        13,
        14,
        15,
        16,
        17,
        18,
        19,
        20,
        21,
        23,
        24,
        25,
        26,
        28,
        29,
        30,
        32,
        33,
        34,
        35,
        36,
        37,
        39,
        40,
        41,
        42,
        43,
        44,
        45,
        46,
        47,
        49
      ]
    },
    {
      "num_vertices": 2,
      "support": 50,
      "graph": {
        "vertices": [
          {
            "id": 0,
            "label": 0
          },
          {
            "id": 1,
            "label": 1
          }
        ],
        "edges": [
          [
            0,
            1,
            1
          ]
        ]
      },
      "where": [
        0,
        1,
        2,
        3,
        4,
        5,
        6,
        7,
        8,
        9,
        10,
        11,
        12,
        13,
        14,
        15,
        16,
        17,
        18,
        19,
        20,
        21,
        22,
        23,
        24,
        25,
        26,
        27,
        28,
        29,
        30,
        31,
        32,
        33,
        34,
        35,
        36,
        37,
        38,
        39,
        40,
        41,
        42,
        43,
        44,
        45,
        46,
        47,
        48,
        49
      ]
    },
    {
      "num_vertices": 3,
      "support": 50,
      "graph": {
        "vertices": [
          {
            "id": 0,
            "label": 0
          },
          {
            "id": 1,
            "label": 1
          },
          {
            "id": 2,
            "label": 2
          }
        ],
        "edges": [
          [
            0,
            1,
            1
          ],
          [
            1,
            2,
            2
          ]
        ]
      },
      "where": [
        0,
        1,
        2,
        3,
        4,
        5,
        6,
        7,
        8,
        9,
        10,
        11,
        12,
        13,
        14,
        15,
        16,
        17,
        18,
        19,
        20,
        21,
        22,
        23,
        24,
        25,
        26,
        27,
        28,
        29,
        30,
        31,
        32,
        33,
        34,
        35,
        36,
        37,
        38,
        39,
        40,
        41,
        42,
        43,
        44,
        45,
        46,
        47,
        48,
        49
      ]
    },
    {
      "num_vertices": 3,
      "support": 50,
      "graph": {
        "vertices": [
          {
            "id": 0,
            "label": 0
          },
          {
            "id": 1,
            "label": 1
          },
          {
            "id": 2,
            "label": 2
          }
        ],
        "edges": [
          [
            0,
            1,
            1
          ],
          [
            1,
            2,
            1
          ]
        ]
      },
      "where": [
        0,
        1,
        2,
        3,
        4,
        5,
        6,
        7,
        8,
        9,
        10,
        11,
        12,
        13,
        14,
        15,
        16,
        17,
        18,
        19,
        20,
        21,
        22,
        23,
        24,
        25,
        26,
        27,
        28,
        29,
        30,
        31,
        32,
        33,
        34,
        35,
        36,
        37,
        38,
        39,
        40,
        41,
        42,
        43,
        44,
        45,
        46,
        47,
        48,
        49
      ]
    },
    {
      "num_vertices": 4,
      "support": 50,
      "graph": {
        "vertices": [
          {
            "id": 0,
            "label": 0
          },
          {
            "id": 1,
            "label": 1
          },
          {
            "id": 2,
            "label": 2
          },
          {
            "id": 3,
            "label": 2
          }
        ],
        "edges": [
          [
            0,
            1,
            1
          ],
          [
            1,
            2,
            1
          ],
          [
            1,
            3,
            2
          ]
        ]
      },
      "where": [
        0,
        1,
        2,
        3,
        4,
        5,
        6,
        7,
        8,
        9,
        10,
        11,
        12,
        13,
        14,
        15,
        16,
        17,
        18,
        19,
        20,
        21,
        22,
        23,
        24,
        25,
        26,
        27,
        28,
        29,
        30,
        31,
        32,
        33,
        34,
        35,
        36,
        37,
        38,
        39,
        40,
        41,
        42,
        43,
        44,
        45,
        46,
        47,
        48,
        49
      ]
    },
    {
      "num_vertices": 2,
      "support": 25,
      "graph": {
        "vertices": [
          {
            "id": 0,
            "label": 0
          },
          {
            "id": 1,
            "label": 0
          }
        ],
        "edges": [
          [
            0,
            1,
            1
          ]
        ]
      },
      "where": [
        0,
        1,
        4,
        6,
        12,
        13,
        15,
        17,
        18,
        22,
        23,
        27,
        28,
        29,
        31,
        32,
        35,
        36,
        37,
        38,
        40,
        41,
        43,
        44,
        48
      ]
    },
    {
      "num_vertices": 2,
      "support": 50,
      "graph": {
        "vertices": [
          {
            "id": 0,
            "label": 1
          },
          {
            "id": 1,
            "label": 2
          }
        ],
        "edges": [
          [
            0,
            1,
            2
          ]
        ]
      },
      "where": [
        0,
        1,
        2,
        3,
        4,
        5,
        6,
        7,
        8,
        9,
        10,
        11,
        12,
        13,
        14,
        15,
        16,
        17,
        18,
        19,
        20,
        21,
        22,
        23,
        24,
        25,
        26,
        27,
        28,
        29,
        30,
        31,
        32,
        33,
        34,
        35,
        36,
        37,
        38,
        39,
        40,
        41,
        42,
        43,
        44,
        45,
        46,
        47,
        48,
        49
      ]
    },
    {
      "num_vertices": 2,
      "support": 50,
      "graph": {
        "vertices": [
          {
            "id": 0,
            "label": 1
          },
          {
            "id": 1,
            "label": 2
          }
        ],
        "edges": [
          [
            0,
            1,
            1
          ]
        ]
      },
      "where": [
        0,
        1,
        2,
        3,
        4,
        5,
        6,
        7,
        8,
        9,
        10,
        11,
        12,
        13,
        14,
        15,
        16,
        17,
        18,
        19,
        20,
        21,
        22,
        23,
        24,
        25,
        26,
        27,
        28,
        29,
        30,
        31,
        32,
        33,
        34,
        35,
        36,
        37,
        38,
        39,
        40,
        41,
        42,
        43,
        44,
        45,
        46,
        47,
        48,
        49
      ]
    },
    {
      "num_vertices": 3,
      "support": 50,
      "graph": {
        "vertices": [
          {
            "id": 0,
            "label": 1
          },
          {
            "id": 1,
            "label": 2
          },
          {
            "id": 2,
            "label": 2
          }
        ],
        "edges": [
          [
            0,
            1,
            1
          ],
          [
            0,
            2,
            2
          ]
        ]
      },
      "where": [
        0,
        1,
        2,
        3,
        4,
        5,
        6,
        7,
        8,
        9,
        10,
        11,
        12,
        13,
        14,
        15,
        16,
        17,
        18,
        19,
        20,
        21,
        22,
        23,
        24,
        25,
        26,
        27,
        28,
        29,
        30,
        31,
        32,
        33,
        34,
        35,
        36,
        37,
        38,
        39,
        40,
        41,
        42,
        43,
        44,
        45,
        46,
        47,
        48,
        49
      ]
    }
  ],
  "runtime_sec": 0.29429173469543457
}